Data set,"Policy Documents citing publications in My Publication Set - 11 August 2026"
Subject classification,"None"

Data source,Overton
Date last updated,31 July 2026
Date exported,11 August 2026

201 publications match the selected filter options:,

"Title","Page Source Url","PDF Document Url","Year","Full date","Policy Body","Policy Body Country/Region","Policy Body Type","Scholarly References","Scholarly Mentions","Cited Scopus EID (from your entity)","Cited Scholarly Output Title (from your entity)","Cited Scholarly Output year","Scholarly References from this entity"
"The United Nations world water development report 2020: water and climate change - Klimatyczna Baza Wiedzy","https://klimatycznabazawiedzy.org/raport/the-united-nations-world-water-development-report-2020-water-and-climate-change/","https://klimatycznabazawiedzy.org/wp-content/uploads/2022/11/The-State-of-World-Fisheries-and-Aquaculture-2022.pdf","2020","2020-04-20","Klimatyczna Baza Wiedzy (KBW)","Poland","Think Tank","8115","86","2-s2.0-85065200788","Fishing for conservation of freshwater tropical fishes in the Anthropocene","2019","1"

"The second world ocean assessment.","https://digitallibrary.un.org/record/3978757?ln=en","https://digitallibrary.un.org/record/3978757/files/2011859-e-woa-ii-vol-i.pdf","2021","2021-01-01","United Nations","Intergovernmental","Intergovernmental Organisation","3163","4750","2-s2.0-85032223152","Conservation of reef manta rays (Manta alfredi) in a UNESCO World Heritage Site: Large-scale island development or sustainable tourism?","2017","1"

"The regional assessment report on biodiversity and ecosystem services for the Americas (Full report, including SPM and chapters; laid out)","https://ipbes.net/document-library-catalogue/regional-assessment-report-biodiversity-and-ecosystem-services-americas","http://ipbes.net/sites/default/files/2018_americas_full_report_book_v5_pages_0.pdf","2019","2019-02-07","IPBES","Intergovernmental","Intergovernmental Organisation","2492","2492","2-s2.0-84955306358","Indirect effects of overfishing on Caribbean reefs: Sponges overgrow reef-building corals","2015","1"

"Intergovernmental Science-Policy Platform on Biodiversity and Ecosystem Services","https://ipbes.net/document-library-catalogue/ipbes6inf4rev1","http://ipbes.net/sites/default/files/ipbes-6-inf-4-rev.1.pdf","2018","2018-09-26","IPBES","Intergovernmental","Intergovernmental Organisation","2397","2397","2-s2.0-84955306358","Indirect effects of overfishing on Caribbean reefs: Sponges overgrow reef-building corals","2015","1"

"IPBES Nexus Assessment: Chapter 5 – Options for delivering sustainable approaches","https://zenodo.org/records/13850310","https://zenodo.org/records/13850310/files/2025_IPBES_ASSESSMENT%20NEXUS%20(CHAPTER%205).pdf","2024","2024-12-16","IPBES","Intergovernmental","Intergovernmental Organisation","2217","5146","2-s2.0-85147581998","People need freshwater biodiversity","2023","2"
"IPBES Nexus Assessment: Chapter 5 – Options for delivering sustainable approaches","https://zenodo.org/records/13850310","https://zenodo.org/records/13850310/files/2025_IPBES_ASSESSMENT%20NEXUS%20(CHAPTER%205).pdf","2024","2024-12-16","IPBES","Intergovernmental","Intergovernmental Organisation","2217","5146","2-s2.0-85085068027","Inland fish and fisheries integral to achieving the Sustainable Development Goals","2020","2"

"Climate change impacts on Arctic ecosystems and associated climate feedbacks","https://www.amap.no/documents/doc/climate-change-impacts-on-arctic-ecosystems-and-associated-climate-feedbacks/3899","https://www.amap.no/documents/download/7379/inline","2026","2026-02-25","Arctic Council","Intergovernmental","Intergovernmental Organisation","1993","7575","2-s2.0-85140598399","Multi-year acoustic tracking reveals transient movements, recurring hotspots, and apparent seasonality in the coastal-offshore presence of Greenland sharks (Somniosus microcephalus)","2022","2"
"Climate change impacts on Arctic ecosystems and associated climate feedbacks","https://www.amap.no/documents/doc/climate-change-impacts-on-arctic-ecosystems-and-associated-climate-feedbacks/3899","https://www.amap.no/documents/download/7379/inline","2026","2026-02-25","Arctic Council","Intergovernmental","Intergovernmental Organisation","1993","7575","2-s2.0-85091770017","Broad feeding niches of capelin and sand lance may overlap those of polar cod and other native fish in the eastern Canadian Arctic","2020","2"

"The global status of sharks, rays, and chimaeras","https://portals.iucn.org/library/node/52102","https://portals.iucn.org/library/sites/library/files/documents/2024-024-En_part_4.pdf","2024","2024-01-01","International Union for Conservation of Nature","France","Think Tank","1706","446","2-s2.0-85101180441","Spatial Connectivity and Drivers of Shark Habitat Use Within a Large Marine Protected Area in the Caribbean, The Bahamas Shark Sanctuary","2021","8"
"The global status of sharks, rays, and chimaeras","https://portals.iucn.org/library/node/52102","https://portals.iucn.org/library/sites/library/files/documents/2024-024-En_part_4.pdf","2024","2024-01-01","International Union for Conservation of Nature","France","Think Tank","1706","446","2-s2.0-85175809469","Globally coordinated acoustic aquatic animal tracking reveals unexpected, ecologically important movements across oceans, lakes and rivers","2024","8"
"The global status of sharks, rays, and chimaeras","https://portals.iucn.org/library/node/52102","https://portals.iucn.org/library/sites/library/files/documents/2024-024-En_part_4.pdf","2024","2024-01-01","International Union for Conservation of Nature","France","Think Tank","1706","446","2-s2.0-85193501294","Directed conservation of the world’s reef sharks and rays","2024","8"
"The global status of sharks, rays, and chimaeras","https://portals.iucn.org/library/node/52102","https://portals.iucn.org/library/sites/library/files/documents/2024-024-En_part_4.pdf","2024","2024-01-01","International Union for Conservation of Nature","France","Think Tank","1706","446","2-s2.0-85141066888","Tiger sharks support the characterization of the world’s largest seagrass ecosystem","2022","8"
"The global status of sharks, rays, and chimaeras","https://portals.iucn.org/library/node/52102","https://portals.iucn.org/library/sites/library/files/documents/2024-024-En_part_4.pdf","2024","2024-01-01","International Union for Conservation of Nature","France","Think Tank","1706","446","2-s2.0-85130419856","Thirty-five years of tiger shark Galeocerdo cuvier relative abundance near Bimini, The Bahamas, and the Southeastern United States with a comparison across jurisdictional bounds","2022","8"
"The global status of sharks, rays, and chimaeras","https://portals.iucn.org/library/node/52102","https://portals.iucn.org/library/sites/library/files/documents/2024-024-En_part_4.pdf","2024","2024-01-01","International Union for Conservation of Nature","France","Think Tank","1706","446","2-s2.0-85052788963","Contemporary and emerging fisheries in The Bahamas—Conservation and management challenges, achievements and future directions","2018","8"
"The global status of sharks, rays, and chimaeras","https://portals.iucn.org/library/node/52102","https://portals.iucn.org/library/sites/library/files/documents/2024-024-En_part_4.pdf","2024","2024-01-01","International Union for Conservation of Nature","France","Think Tank","1706","446","2-s2.0-85140598399","Multi-year acoustic tracking reveals transient movements, recurring hotspots, and apparent seasonality in the coastal-offshore presence of Greenland sharks (Somniosus microcephalus)","2022","8"
"The global status of sharks, rays, and chimaeras","https://portals.iucn.org/library/node/52102","https://portals.iucn.org/library/sites/library/files/documents/2024-024-En_part_4.pdf","2024","2024-01-01","International Union for Conservation of Nature","France","Think Tank","1706","446","2-s2.0-85113976075","Anthropogenic pressures on reef-associated sharks in jurisdictions with and without directed shark fishing","2021","8"

"Living planet report - Klimatyczna Baza Wiedzy","https://klimatycznabazawiedzy.org/raport/living-planet-report/","https://klimatycznabazawiedzy.org/wp-content/uploads/2022/11/The-State-of-World-Fisheries-and-Aquaculture-2022.pdf","2022","2022-11-24","Klimatyczna Baza Wiedzy (KBW)","Poland","Think Tank","1589","134","2-s2.0-85065200788","Fishing for conservation of freshwater tropical fishes in the Anthropocene","2019","1"

"AMAP Assessment 2021: Mercury in the Arctic","https://www.amap.no/documents/doc/amap-assessment-2021-mercury-in-the-arctic/3581","https://www.amap.no/documents/download/6888/inline","2022","2022-10-05","Arctic Council","Intergovernmental","Intergovernmental Organisation","1304","4681","2-s2.0-85056161294","Limited effects of changing prey fish communities on food quality for aquatic predators in the eastern Canadian Arctic in terms of essential fatty acids, methylmercury and selenium","2019","1"

"Review of the research and scientific understanding of drought","https://www.gov.uk/government/publications/review-of-the-research-and-scientific-understanding-of-drought","https://assets.publishing.service.gov.uk/media/656f10920f12ef07a53e0229/Annex_to_the_review_of_the_research_and_scientific_understanding_of_drought.pdf","2023","2023-11-28","The UK Government","United Kingdom","Government","1251","4988","2-s2.0-85147581998","People need freshwater biodiversity","2023","1"

"Great Barrier Reef Outlook Report 2024","http://elibrary.gbrmpa.gov.au/jspui/handle/11017/4069","http://elibrary.gbrmpa.gov.au/jspui/bitstream/11017/4069/2/01%20OutlookReport_2024_FINAL-accessible-for-eLibrary.pdf","2024","2024-08-13","Great Barrier Reef Marine Park Authority","Australia","Government","1205","2565","2-s2.0-85159306174","Building consensus around the assessment and interpretation of Symbiodiniaceae diversity","2023","2"
"Great Barrier Reef Outlook Report 2024","http://elibrary.gbrmpa.gov.au/jspui/handle/11017/4069","http://elibrary.gbrmpa.gov.au/jspui/bitstream/11017/4069/2/01%20OutlookReport_2024_FINAL-accessible-for-eLibrary.pdf","2024","2024-08-13","Great Barrier Reef Marine Park Authority","Australia","Government","1205","2565","2-s2.0-85097272945","Dynamic symbioses reveal pathways to coral survival through prolonged heatwaves","2020","2"

"Island invasives : scaling up to meet the challenge","https://library.dbca.wa.gov.au/FullTextFiles/072340.pdf","https://library.dbca.wa.gov.au/FullTextFiles/072340.pdf","2019","2019-02-28","State of Western Australia","Australia","Government","1111","1375","2-s2.0-85018679626","Environmental DNA (eDNA) detects the invasive crayfishes Orconectes rusticus and Pacifastacus leniusculus in large lakes of North America","2017","1"

"Island invasives : scaling up to meet the challenge","https://portals.iucn.org/library/node/48358","https://portals.iucn.org/library/sites/library/files/documents/SSC-OP-062-En.pdf","2019","2019-01-01","International Union for Conservation of Nature","France","Think Tank","1095","1095","2-s2.0-85018679626","Environmental DNA (eDNA) detects the invasive crayfishes Orconectes rusticus and Pacifastacus leniusculus in large lakes of North America","2017","1"

"Submission from the World Bank to the United Nations Framework Convention on Climate Change in relation to the Sharm el-Sheikh online portal under the mandate of decision FCCC/SB/2024/L.2, paragraph 4","https://unfccc.int/documents/657382","https://unfccc.int/sites/default/files/resource/20260514_WBG_SJWA-portal_Submission.pdf","2026","2026-05-19","United Nations Framework Convention on Climate Change","Intergovernmental","Intergovernmental Organisation","1077","0","2-s2.0-85147581998","People need freshwater biodiversity","2023","1"

"IPBES Invasive Alien Species Assessment: Chapter 5. Management; challenges, opportunities and lessons learned","https://zenodo.org/records/11437851","https://zenodo.org/records/11437851/files/1.%20Chapter%205_IPBES%20IAS%20Assessment.pdf","2024","2024-02-23","IPBES","Intergovernmental","Intergovernmental Organisation","952","1749","2-s2.0-84959419499","Environmental DNA (eDNA) detects the invasive rusty crayfish Orconectes rusticus at low abundances","2016","2"
"IPBES Invasive Alien Species Assessment: Chapter 5. Management; challenges, opportunities and lessons learned","https://zenodo.org/records/11437851","https://zenodo.org/records/11437851/files/1.%20Chapter%205_IPBES%20IAS%20Assessment.pdf","2024","2024-02-23","IPBES","Intergovernmental","Intergovernmental Organisation","952","1749","2-s2.0-85063577504","Globally important islands where eradicating invasive mammals will benefit highly threatened vertebrates","2019","2"

"The Economics of Biodiversity: The Dasgupta Review","https://cms.hacienda.cl/hacienda/assets/documento/descargar/b91a01972ae56/1709844492","https://cms.hacienda.cl/hacienda/assets/documento/descargar/b91a01972ae56/1709844492","2021","2021-02-17","Government of Chile","Chile","Government","772","1951","2-s2.0-85063577504","Globally important islands where eradicating invasive mammals will benefit highly threatened vertebrates","2019","1"

"Final Report - The Economics of Biodiversity: The Dasgupta Review","https://www.gov.uk/government/publications/final-report-the-economics-of-biodiversity-the-dasgupta-review","https://assets.publishing.service.gov.uk/government/uploads/system/uploads/attachment_data/file/957292/Dasgupta_Review_-_Abridged_Version.pdf","2021","2021-02-02","The UK Government","United Kingdom","Government","766","175","2-s2.0-85063577504","Globally important islands where eradicating invasive mammals will benefit highly threatened vertebrates","2019","1"

"The economics of biodiversity: the Dasgupta review","https://apo.org.au/node/310742","https://apo.org.au/node/310742","2021","2021-02-02","Australian Policy Online","Australia","Other","760","1949","2-s2.0-85063577504","Globally important islands where eradicating invasive mammals will benefit highly threatened vertebrates","2019","1"

"Climate change and migratory species: a review of impacts, conservation actions, indicators and ecosystem services","https://jncc.gov.uk/resources/9989a5a2-1745-4532-a9f4-92c0c50ca304","https://data.jncc.gov.uk/data/9989a5a2-1745-4532-a9f4-92c0c50ca304/climate-change-migratory-species-review-part-3.pdf","2023","2023-01-01","Joint Nature Conservation Committee","United Kingdom","Government","732","98","2-s2.0-85141066888","Tiger sharks support the characterization of the world’s largest seagrass ecosystem","2022","1"

"Rooted: Agriculture Rooted in Biodiversity","https://hdl.handle.net/10986/44098","https://hdl.handle.net/10986/44098","2025","2025-12-12","World Bank","Intergovernmental","Intergovernmental Organisation","727","1017","2-s2.0-85147581998","People need freshwater biodiversity","2023","1"

"IPBES Nexus Assessment: Chapter 2 – Status and past trends of interactions in the nexus","https://zenodo.org/records/17349964","https://zenodo.org/records/17349964/files/2025%20IPBES_ASSESSMENT%20NEXUS%20(CHAPTER%202)_V2.pdf","2024","2024-12-16","IPBES","Intergovernmental","Intergovernmental Organisation","710","1394","2-s2.0-85147581998","People need freshwater biodiversity","2023","1"

"IPBES Nexus Assessment: Chapter 2 – Status and past trends of interactions in the nexus","https://zenodo.org/records/18165173","https://zenodo.org/records/18165173/files/2025%20IPBES_ASSESSMENT%20NEXUS%20(CHAPTER%202)_V4.pdf","2026","2026-01-06","IPBES","Intergovernmental","Intergovernmental Organisation","710","1394","2-s2.0-85147581998","People need freshwater biodiversity","2023","1"

"The Journal of Cetacean Research and Management","https://archive.iwc.int/pages/download.php?direct=1&noattach=true&ref=9654&ext=pdf&k=","https://archive.iwc.int/pages/download.php?direct=1&noattach=true&ref=9654&ext=pdf&k=","2019","2019-01-01","International Whaling Commission (IWC)","Intergovernmental","Intergovernmental Organisation","680","1076","2-s2.0-85059128532","Abundance and species diversity hotspots of tracked marine predators across the North American Arctic","2019","1"

"The Effects of Plastic Pollution on Arctic Biota","https://www.amap.no/documents/doc/the-effects-of-plastic-pollution-on-arctic-biota/3890","https://www.amap.no/documents/download/7376/inline","2026","2026-04-23","Arctic Council","Intergovernmental","Intergovernmental Organisation","464","1548","2-s2.0-85091770017","Broad feeding niches of capelin and sand lance may overlap those of polar cod and other native fish in the eastern Canadian Arctic","2020","1"

"Study on invasive alien species : development of risk assessments to tackle priority species and enhance prevention : final report.","https://op.europa.eu/en/publication-detail/-/publication/258e41dd-7f4e-11ed-9887-01aa75ed71a1/language-en/format-PDF","https://op.europa.eu/o/opportal-service/download-handler?identifier=258e41dd-7f4e-11ed-9887-01aa75ed71a1&format=pdf&language=en&productionSystem=cellar&part=","2022","2022-12-15","Publications Office of the European Union","European Union","Government","382","1895","2-s2.0-84959419499","Environmental DNA (eDNA) detects the invasive rusty crayfish Orconectes rusticus at low abundances","2016","2"
"Study on invasive alien species : development of risk assessments to tackle priority species and enhance prevention : final report.","https://op.europa.eu/en/publication-detail/-/publication/258e41dd-7f4e-11ed-9887-01aa75ed71a1/language-en/format-PDF","https://op.europa.eu/o/opportal-service/download-handler?identifier=258e41dd-7f4e-11ed-9887-01aa75ed71a1&format=pdf&language=en&productionSystem=cellar&part=","2022","2022-12-15","Publications Office of the European Union","European Union","Government","382","1895","2-s2.0-85018679626","Environmental DNA (eDNA) detects the invasive crayfishes Orconectes rusticus and Pacifastacus leniusculus in large lakes of North America","2017","2"

"Study on invasive alien species","https://op.europa.eu/en/publication-detail/-/publication/258e41dd-7f4e-11ed-9887-01aa75ed71a1/language-en","https://op.europa.eu/o/opportal-service/download-handler?identifier=258e41dd-7f4e-11ed-9887-01aa75ed71a1&format=pdf&language=en&productionSystem=cellar&part=","2022","2022-12-15","Publications Office of the European Union","European Union","Government","379","379","2-s2.0-84959419499","Environmental DNA (eDNA) detects the invasive rusty crayfish Orconectes rusticus at low abundances","2016","2"
"Study on invasive alien species","https://op.europa.eu/en/publication-detail/-/publication/258e41dd-7f4e-11ed-9887-01aa75ed71a1/language-en","https://op.europa.eu/o/opportal-service/download-handler?identifier=258e41dd-7f4e-11ed-9887-01aa75ed71a1&format=pdf&language=en&productionSystem=cellar&part=","2022","2022-12-15","Publications Office of the European Union","European Union","Government","379","379","2-s2.0-85018679626","Environmental DNA (eDNA) detects the invasive crayfishes Orconectes rusticus and Pacifastacus leniusculus in large lakes of North America","2017","2"

"Study on invasive alien species","https://op.europa.eu/en/publication-detail/-/publication/279ab8c8-475b-11ec-91ac-01aa75ed71a1/language-en","https://op.europa.eu/o/opportal-service/download-handler?identifier=279ab8c8-475b-11ec-91ac-01aa75ed71a1&format=pdf&language=en&productionSystem=cellar&part=","2021","2021-11-16","Publications Office of the European Union","European Union","Government","366","558","2-s2.0-85018679626","Environmental DNA (eDNA) detects the invasive crayfishes Orconectes rusticus and Pacifastacus leniusculus in large lakes of North America","2017","2"
"Study on invasive alien species","https://op.europa.eu/en/publication-detail/-/publication/279ab8c8-475b-11ec-91ac-01aa75ed71a1/language-en","https://op.europa.eu/o/opportal-service/download-handler?identifier=279ab8c8-475b-11ec-91ac-01aa75ed71a1&format=pdf&language=en&productionSystem=cellar&part=","2021","2021-11-16","Publications Office of the European Union","European Union","Government","366","558","2-s2.0-84959419499","Environmental DNA (eDNA) detects the invasive rusty crayfish Orconectes rusticus at low abundances","2016","2"

"Study on invasive alien species : development of risk assessments to tackle priority species and enhance prevention : final report (and annexes).","https://op.europa.eu/en/publication-detail/-/publication/279ab8c8-475b-11ec-91ac-01aa75ed71a1/language-en/format-PDF","https://op.europa.eu/o/opportal-service/download-handler?identifier=279ab8c8-475b-11ec-91ac-01aa75ed71a1&format=pdf&language=en&productionSystem=cellar&part=","2021","2021-11-16","Publications Office of the European Union","European Union","Government","365","365","2-s2.0-84959419499","Environmental DNA (eDNA) detects the invasive rusty crayfish Orconectes rusticus at low abundances","2016","2"
"Study on invasive alien species : development of risk assessments to tackle priority species and enhance prevention : final report (and annexes).","https://op.europa.eu/en/publication-detail/-/publication/279ab8c8-475b-11ec-91ac-01aa75ed71a1/language-en/format-PDF","https://op.europa.eu/o/opportal-service/download-handler?identifier=279ab8c8-475b-11ec-91ac-01aa75ed71a1&format=pdf&language=en&productionSystem=cellar&part=","2021","2021-11-16","Publications Office of the European Union","European Union","Government","365","365","2-s2.0-85018679626","Environmental DNA (eDNA) detects the invasive crayfishes Orconectes rusticus and Pacifastacus leniusculus in large lakes of North America","2017","2"

"Tracking progress on food and agriculture-related SDG indicators 2022 - Klimatyczna Baza Wiedzy","https://klimatycznabazawiedzy.org/raport/tracking-progress-on-food-and-agriculture-related-sdg-indicators-2022/","https://klimatycznabazawiedzy.org/wp-content/uploads/2022/11/The-State-of-World-Fisheries-and-Aquaculture-2022.pdf","2022","2022-09-15","Klimatyczna Baza Wiedzy (KBW)","Poland","Think Tank","361","134","2-s2.0-85065200788","Fishing for conservation of freshwater tropical fishes in the Anthropocene","2019","1"

"The State of Food and Agriculture 2021 - Klimatyczna Baza Wiedzy","https://klimatycznabazawiedzy.org/raport/the-state-of-food-and-agriculture-2021/","https://klimatycznabazawiedzy.org/wp-content/uploads/2022/11/The-State-of-World-Fisheries-and-Aquaculture-2022.pdf","2021","2021-11-25","Klimatyczna Baza Wiedzy (KBW)","Poland","Think Tank","361","61","2-s2.0-85065200788","Fishing for conservation of freshwater tropical fishes in the Anthropocene","2019","1"

"World Food and Agriculture – Statistical Yearbook 2021 - Klimatyczna Baza Wiedzy","https://klimatycznabazawiedzy.org/raport/world-food-and-agriculture-statistical-yearbook-2021/","https://klimatycznabazawiedzy.org/wp-content/uploads/2022/11/The-State-of-World-Fisheries-and-Aquaculture-2022.pdf","2021","2021-10-20","Klimatyczna Baza Wiedzy (KBW)","Poland","Think Tank","361","100","2-s2.0-85065200788","Fishing for conservation of freshwater tropical fishes in the Anthropocene","2019","1"

"Genetic/genomic data for conservation in Aotearoa New Zealand","https://www.doc.govt.nz/globalassets/documents/science-and-technical/sfc337entire.pdf","https://www.doc.govt.nz/globalassets/documents/science-and-technical/sfc337entire.pdf","2022","2022-08-25","New Zealand Department of Conservation","New Zealand","Government","358","722","2-s2.0-85088287369","Thermotolerant coral symbionts modulate heat stress-responsive genes in their hosts","2020","1"

"Study on invasive alien species : development of risk assessments to tackle priority species and enhance prevention : final report, executive summary and annexes.","https://op.europa.eu/en/publication-detail/-/publication/3b8cdf6d-6e48-11ea-b735-01aa75ed71a1/language-en/format-PDF","https://op.europa.eu/o/opportal-service/download-handler?identifier=3b8cdf6d-6e48-11ea-b735-01aa75ed71a1&format=pdf&language=en&productionSystem=cellar&part=","2020","2020-03-24","Publications Office of the European Union","European Union","Government","351","351","2-s2.0-84959419499","Environmental DNA (eDNA) detects the invasive rusty crayfish Orconectes rusticus at low abundances","2016","2"
"Study on invasive alien species : development of risk assessments to tackle priority species and enhance prevention : final report, executive summary and annexes.","https://op.europa.eu/en/publication-detail/-/publication/3b8cdf6d-6e48-11ea-b735-01aa75ed71a1/language-en/format-PDF","https://op.europa.eu/o/opportal-service/download-handler?identifier=3b8cdf6d-6e48-11ea-b735-01aa75ed71a1&format=pdf&language=en&productionSystem=cellar&part=","2020","2020-03-24","Publications Office of the European Union","European Union","Government","351","351","2-s2.0-85018679626","Environmental DNA (eDNA) detects the invasive crayfishes Orconectes rusticus and Pacifastacus leniusculus in large lakes of North America","2017","2"

"Study on invasive alien species","https://op.europa.eu/en/publication-detail/-/publication/3b8cdf6d-6e48-11ea-b735-01aa75ed71a1/language-en","https://op.europa.eu/o/opportal-service/download-handler?identifier=3b8cdf6d-6e48-11ea-b735-01aa75ed71a1&format=pdf&language=en&productionSystem=cellar&part=","2020","2020-03-24","Publications Office of the European Union","European Union","Government","347","347","2-s2.0-84959419499","Environmental DNA (eDNA) detects the invasive rusty crayfish Orconectes rusticus at low abundances","2016","2"
"Study on invasive alien species","https://op.europa.eu/en/publication-detail/-/publication/3b8cdf6d-6e48-11ea-b735-01aa75ed71a1/language-en","https://op.europa.eu/o/opportal-service/download-handler?identifier=3b8cdf6d-6e48-11ea-b735-01aa75ed71a1&format=pdf&language=en&productionSystem=cellar&part=","2020","2020-03-24","Publications Office of the European Union","European Union","Government","347","347","2-s2.0-85018679626","Environmental DNA (eDNA) detects the invasive crayfishes Orconectes rusticus and Pacifastacus leniusculus in large lakes of North America","2017","2"

"Study on invasive alien species","https://op.europa.eu/en/publication-detail/-/publication/c01568d9-025e-11e8-b8f5-01aa75ed71a1/language-en","https://op.europa.eu/o/opportal-service/download-handler?identifier=c01568d9-025e-11e8-b8f5-01aa75ed71a1&format=pdf&language=en&productionSystem=cellar&part=","2018","2018-01-25","Publications Office of the European Union","European Union","Government","324","324","2-s2.0-84959419499","Environmental DNA (eDNA) detects the invasive rusty crayfish Orconectes rusticus at low abundances","2016","2"
"Study on invasive alien species","https://op.europa.eu/en/publication-detail/-/publication/c01568d9-025e-11e8-b8f5-01aa75ed71a1/language-en","https://op.europa.eu/o/opportal-service/download-handler?identifier=c01568d9-025e-11e8-b8f5-01aa75ed71a1&format=pdf&language=en&productionSystem=cellar&part=","2018","2018-01-25","Publications Office of the European Union","European Union","Government","324","324","2-s2.0-85018679626","Environmental DNA (eDNA) detects the invasive crayfishes Orconectes rusticus and Pacifastacus leniusculus in large lakes of North America","2017","2"

"Study on invasive alien species : development of risk assessments to tackle priority species and enhance prevention : final report.","https://op.europa.eu/en/publication-detail/-/publication/c01568d9-025e-11e8-b8f5-01aa75ed71a1/language-en/format-PDF","https://op.europa.eu/o/opportal-service/download-handler?identifier=c01568d9-025e-11e8-b8f5-01aa75ed71a1&format=pdf&language=en&productionSystem=cellar&part=","2018","2018-01-25","Publications Office of the European Union","European Union","Government","323","323","2-s2.0-84959419499","Environmental DNA (eDNA) detects the invasive rusty crayfish Orconectes rusticus at low abundances","2016","2"
"Study on invasive alien species : development of risk assessments to tackle priority species and enhance prevention : final report.","https://op.europa.eu/en/publication-detail/-/publication/c01568d9-025e-11e8-b8f5-01aa75ed71a1/language-en/format-PDF","https://op.europa.eu/o/opportal-service/download-handler?identifier=c01568d9-025e-11e8-b8f5-01aa75ed71a1&format=pdf&language=en&productionSystem=cellar&part=","2018","2018-01-25","Publications Office of the European Union","European Union","Government","323","323","2-s2.0-85018679626","Environmental DNA (eDNA) detects the invasive crayfishes Orconectes rusticus and Pacifastacus leniusculus in large lakes of North America","2017","2"

"State of Canada's Arctic seas / by A. Niemi, S. Ferguson, K. Hedges, H. Melling, C. Michel, B. Ayles, K. Azetsu-Scott, P.Coupel, D. Deslauriers, E. Devred, T. Doniol-Valcroze, K. Dunmall, J. Eert, P. Galbraith, M. Geoffroy, G. Gilchrist, H. Hennin, K. Howland, M. Kendall, D. Kohlbach, E. Lea, L. Loseto, A. Majewski, M. Marcoux, C. Matthews, D. McNicholl, A. Mosnier, C.J. Mundy, W. Ogloff, W. Perrie, C. Richards, E. Richardson, J. Reist, V. Roy, C. Sawatzky, K. Scharffenberg, R. Tallman, J-É. Tremblay, T. Tufts, C. Watt, B. Williams, E. Worden, D. Yurkowski, S. Zimmerman.","http://publications.gc.ca/site/eng/9.881731/publication.html","http://publications.gc.ca/collections/collection_2019/mpo-dfo/Fs97-6-3344-eng.pdf","2019","2019-01-01","Government of Canada","Canada","Government","310","310","2-s2.0-85059128532","Abundance and species diversity hotspots of tracked marine predators across the North American Arctic","2019","1"

"Distribution and population demographics of invasive bigheaded carp in the Lower Red River Basin","https://www.fws.gov/media/distribution-and-population-demographics-invasive-bigheaded-carp-lower-red-river-basin","https://www.fws.gov/sites/default/files/documents/2025-08/css-171-2025-brewer-et-al.pdf","2025","2025-08-04","U.S. Fish & Wildlife Service (USFWS)","United States","Government","307","307","2-s2.0-85100771338","Performance of acoustic telemetry in relation to submerged aquatic vegetation in a nearshore freshwater habitat","2021","1"

"Global Biodiversity Outlook 5","https://digitallibrary.un.org/record/3881096?ln=en","http://digitallibrary.un.org/record/3881096/files/gbo-5-ru.pdf","2020","2020-01-01","United Nations","Intergovernmental","Intergovernmental Organisation","307","594","2-s2.0-85063577504","Globally important islands where eradicating invasive mammals will benefit highly threatened vertebrates","2019","1"

"Study on invasive alien species : development of risk assessments to tackle priority species and enhance prevention : final report.","https://op.europa.eu/en/publication-detail/-/publication/f15625e3-2053-11e9-8d04-01aa75ed71a1/language-en/format-PDF","https://op.europa.eu/o/opportal-service/download-handler?identifier=f15625e3-2053-11e9-8d04-01aa75ed71a1&format=pdf&language=en&productionSystem=cellar&part=","2019","2019-01-24","Publications Office of the European Union","European Union","Government","305","305","2-s2.0-85018679626","Environmental DNA (eDNA) detects the invasive crayfishes Orconectes rusticus and Pacifastacus leniusculus in large lakes of North America","2017","1"

"The State of World Fisheries and Aquaculture 2022 - Klimatyczna Baza Wiedzy","https://klimatycznabazawiedzy.org/raport/the-state-of-world-fisheries-and-aquaculture-2022/","https://klimatycznabazawiedzy.org/wp-content/uploads/2022/11/The-State-of-World-Fisheries-and-Aquaculture-2022.pdf","2022","2022-06-22","Klimatyczna Baza Wiedzy (KBW)","Poland","Think Tank","304","116","2-s2.0-85065200788","Fishing for conservation of freshwater tropical fishes in the Anthropocene","2019","1"

"Exploring the role of inland fisheries area-based management in conserving freshwater biodiversity","https://openknowledge.fao.org/handle/20.500.14283/cd4881en","https://openknowledge.fao.org/handle/20.500.14283/cd4881en","2025","2025-01-01","Food and Agriculture Organization of the United Nations","Intergovernmental","Intergovernmental Organisation","296","326","2-s2.0-85147581998","People need freshwater biodiversity","2023","2"
"Exploring the role of inland fisheries area-based management in conserving freshwater biodiversity","https://openknowledge.fao.org/handle/20.500.14283/cd4881en","https://openknowledge.fao.org/handle/20.500.14283/cd4881en","2025","2025-01-01","Food and Agriculture Organization of the United Nations","Intergovernmental","Intergovernmental Organisation","296","326","2-s2.0-85128574084","Societal Values of Inland Fishes","2022","2"

"Decent Work in Nature-based Solutions - Klimatyczna Baza Wiedzy","https://klimatycznabazawiedzy.org/raport/decent-work-in-nature-based-solutions/","https://klimatycznabazawiedzy.org/wp-content/uploads/2022/11/The-State-of-World-Fisheries-and-Aquaculture-2022.pdf","2021","2021-08-17","Klimatyczna Baza Wiedzy (KBW)","Poland","Think Tank","280","86","2-s2.0-85065200788","Fishing for conservation of freshwater tropical fishes in the Anthropocene","2019","1"

"Global Biodiversity Outlook 5","https://soer.environment.gov.za/soer/UploadLibraryImages/UploadDocuments/070222135539_Global%20biodiversity%20outlook%205%20report.pdf","https://soer.environment.gov.za/soer/UploadLibraryImages/UploadDocuments/070222135539_Global%20biodiversity%20outlook%205%20report.pdf","2020","2020-12-10","Government of South Africa","South Africa","Government","274","327","2-s2.0-85063577504","Globally important islands where eradicating invasive mammals will benefit highly threatened vertebrates","2019","1"

"Biophysical and ecological overview of the Tuvaijuittuq area / by Joannie Charette, Humfrey Melling, Steve Duerksen, Michael Johnson, Kathleen Dawson, Catherine Brandt, Richard Remnant and Christine Michel.: Fs97-6/3408E-PDF Publications - Canada.ca","http://publications.gc.ca/site/eng/9.892754/publication.html","https://publications.gc.ca/collections/collection_2021/mpo-dfo/Fs97-6-3408-eng.pdf","2020","2020-01-01","Government of Canada","Canada","Government","269","269","2-s2.0-85059128532","Abundance and species diversity hotspots of tracked marine predators across the North American Arctic","2019","1"

"Thinking the future of food safety. A foresight report - Klimatyczna Baza Wiedzy","https://klimatycznabazawiedzy.org/raport/thinking-the-future-of-food-safety-a-foresight-report/","https://klimatycznabazawiedzy.org/wp-content/uploads/2022/11/The-State-of-World-Fisheries-and-Aquaculture-2022.pdf","2022","2022-04-29","Klimatyczna Baza Wiedzy (KBW)","Poland","Think Tank","250","86","2-s2.0-85065200788","Fishing for conservation of freshwater tropical fishes in the Anthropocene","2019","1"

"Ecological status and trends of the Upper Mississippi and Illinois Rivers","https://pubs.usgs.gov/of/2022/1039/ofr20221039.pdf","https://pubs.usgs.gov/of/2022/1039/ofr20221039.pdf","2022","2022-06-22","United States Geological Survey","United States","Government","234","317","2-s2.0-85034226144","Does aquatic invasive species removal benefit native fish? The response of gizzard shad (Dorosoma cepedianum) to commercial harvest of bighead carp (Hypophthalmichthys nobilis) and silver carp (H. molitrix)","2018","1"

"Potential ecological monitoring indicators and strategies for the Anguniaqvia niqiqyuam Marine Protected Area and a synopsis of available information / Ashley Ehrman, Lisa Loseto, Monika Pućko, Humfrey Melling, Cristine Michel, Jim Reist, Darcy McNicholl, and Karen Dunmall.: Fs70-5/2022-036E-PDF Publications - Canada.ca","http://publications.gc.ca/site/eng/9.911470/publication.html","https://publications.gc.ca/collections/collection_2023/mpo-dfo/fs70-5/Fs70-5-2022-036-eng.pdf","2022","2022-06-01","Government of Canada","Canada","Government","227","227","2-s2.0-85059128532","Abundance and species diversity hotspots of tracked marine predators across the North American Arctic","2019","1"

"IPBES Invasive Alien Species Assessment: Full report","https://zenodo.org/records/11629357","https://zenodo.org/records/11629357/files/2.%20Supplementary%20materials_IPBES%20IAS%20Assessment.pdf","2024","2024-02-23","IPBES","Intergovernmental","Intergovernmental Organisation","214","474","2-s2.0-84959419499","Environmental DNA (eDNA) detects the invasive rusty crayfish Orconectes rusticus at low abundances","2016","1"

"10 Must-Knows aus der Biodiversitätsforschung 2024","https://publications.pik-potsdam.de/pubman/item/item_29763_6","https://publications.pik-potsdam.de/pubman/item/item_29763_6/component/file_29792/29763oa.pdf","2024","2024-03-22","Potsdam-Institut für Klimafolgenforschung (PIK)","Germany","Think Tank","209","217","2-s2.0-85147581998","People need freshwater biodiversity","2023","1"

"10 Must Knows from Biodiversity Science 2024","https://publications.pik-potsdam.de/pubman/item/item_29765_6","https://publications.pik-potsdam.de/pubman/item/item_29765_6/component/file_29793/29765oa.pdf","2024","2024-03-22","Potsdam-Institut für Klimafolgenforschung (PIK)","Germany","Think Tank","207","212","2-s2.0-85147581998","People need freshwater biodiversity","2023","1"

"Designing and managing protected and conserved areas to support inland water ecosystems and biodiversity","https://portals.iucn.org/library/node/51774","https://portals.iucn.org/library/sites/library/files/documents/PATRS-008-En.pdf","2024","2024-01-01","International Union for Conservation of Nature","France","Think Tank","184","379","2-s2.0-85147581998","People need freshwater biodiversity","2023","1"

"Ecological and biophysical overview of the Southampton Island Ecologically and Biologically Significant Area in support of the identification of an area of interest / T.N. Loewen, C.A. Hornby, M. Johnson, C. Chambers, K. Dawson, D. MacDonell, W. Bernhardt, R. Gnanapragasam, M. Pierrejean and E. Choy.: Fs70-5/2020-032E-PDF Publications - Canada.ca","http://publications.gc.ca/site/eng/9.890957/publication.html","http://publications.gc.ca/collections/collection_2020/mpo-dfo/fs70-5/Fs70-5-2020-032-eng.pdf","2020","2020-01-01","Government of Canada","Canada","Government","177","177","2-s2.0-85059128532","Abundance and species diversity hotspots of tracked marine predators across the North American Arctic","2019","1"

"Approaches for assessing and monitoring representation, replication, and connectivity in marine conservation networks / Arieanna C. Balbar, Remi M. Daigle, Susan G. Heaslip, Nicholas W. Jeffery, Beatrice Proudfoot, Carolyn K. Robb, Emily Rubidge, Ryan Stanley.: Fs70-5/2020-050E-PDF Publications - Canada.ca","http://publications.gc.ca/site/eng/9.893282/publication.html","http://publications.gc.ca/collections/collection_2020/mpo-dfo/fs70-5/Fs70-5-2020-050-eng.pdf","2020","2020-01-01","Government of Canada","Canada","Government","172","172","2-s2.0-84995773186","Biophysical connectivity explains population genetic structure in a highly dispersive marine species","2017","1"

"Digital innovation in citizen science to enhance water quality monitoring in developing countries","https://hdl.handle.net/10568/138210","https://hdl.handle.net/10568/138210","2024","2024-01-20","CGIAR","France","Think Tank","166","558","2-s2.0-85147581998","People need freshwater biodiversity","2023","1"

"Insekten in Österreich.","https://www.umweltbundesamt.at/studien-reports/publikationsdetail?pub_id=2348&cHash=501e347c2c242e50f72458af50d56aa1","https://www.umweltbundesamt.at/fileadmin/site/publikationen/rep0739.pdf","2020","2020-07-14","Umwelt Bundesamt","Austria","Government","152","268","2-s2.0-85063577504","Globally important islands where eradicating invasive mammals will benefit highly threatened vertebrates","2019","1"

"The use of eDNA and DNA-based methods to assess and monitor alien and doorknocker species","https://kudos.dfo.no/dokument/5fd9e04c-5635-4e1f-874b-4521fb855855","https://kudos.dfo.no/dokument/5fd9e04c-5635-4e1f-874b-4521fb855855/filer/e1a916e8-e604-44f0-8486-3f6d2925575f.pdf","2023","2023-01-01","Kunnskapsdokumenter i offentlig sektor (KUDOS)","Norway","Government","151","366","2-s2.0-84959419499","Environmental DNA (eDNA) detects the invasive rusty crayfish Orconectes rusticus at low abundances","2016","2"
"The use of eDNA and DNA-based methods to assess and monitor alien and doorknocker species","https://kudos.dfo.no/dokument/5fd9e04c-5635-4e1f-874b-4521fb855855","https://kudos.dfo.no/dokument/5fd9e04c-5635-4e1f-874b-4521fb855855/filer/e1a916e8-e604-44f0-8486-3f6d2925575f.pdf","2023","2023-01-01","Kunnskapsdokumenter i offentlig sektor (KUDOS)","Norway","Government","151","366","2-s2.0-85018679626","Environmental DNA (eDNA) detects the invasive crayfishes Orconectes rusticus and Pacifastacus leniusculus in large lakes of North America","2017","2"

"A review of governance and tenure in inland capture fisheries and aquaculture systems of India","https://openknowledge.fao.org/handle/20.500.14283/cb8615en","https://openknowledge.fao.org/handle/20.500.14283/cb8615en","2022","2022-01-01","Food and Agriculture Organization of the United Nations","Intergovernmental","Intergovernmental Organisation","145","145","2-s2.0-85085068027","Inland fish and fisheries integral to achieving the Sustainable Development Goals","2020","1"

"Fifth National Cimate Assessment Ch. 21 Northeast","https://legislature.vermont.gov/Documents/2024/WorkGroups/House%20Environment/Bills/S.259/Witness%20Testimony/S.259~Ben%20Edgerly%20Walsh~Northeast%20-%20Chapter%2021~4-17-2024.pdf","https://legislature.vermont.gov/Documents/2024/WorkGroups/House%20Environment/Bills/S.259/Witness%20Testimony/S.259~Ben%20Edgerly%20Walsh~Northeast%20-%20Chapter%2021~4-17-2024.pdf","2024","2024-03-08","State of Vermont","United States","Government","140","293","2-s2.0-85090437477","Climate and season are associated with prevalence and distribution of trans-hemispheric blue crab reovirus (Callinectes sapidus reovirus 1)","2020","1"

"Metoder for å vurdere følsomheten til forvaltningsrelevante bunnarter overfor akvakulturaktiviteter - VDWS Transition – et FHF prosjekt","https://nva.sikt.no/registration/019d246ba2df-c3603957-f45a-4c74-97dd-0e14fdf9696e","https://api.nva.unit.no/publication/file/019ed9e5e6e1-2a812dbb-1844-4332-bc9b-cec7c985ef58","2026","2026-03-25","Norwegian Institute for Nature Research","Norway","Think Tank","140","334","2-s2.0-85118485452","Symbiont shuffling induces differential DNA methylation responses to thermal stress in the coral Montastraea cavernosa","2022","1"

"Utilisations de l’ADN ­environnemental pour la surveillance et l’évaluation ­bio­logiques ­des ­écosystèmes ­aquatiques","https://www.bafu.admin.ch/dam/bafu/fr/dokumente/wasser/uw-umwelt-wissen/anwendung-von-edna-methoden.pdf.download.pdf/fr_BAFU_UW_2010_eDNA_bf.pdf","https://www.bafu.admin.ch/dam/bafu/fr/dokumente/wasser/uw-umwelt-wissen/anwendung-von-edna-methoden.pdf.download.pdf/fr_BAFU_UW_2010_eDNA_bf.pdf","2020","2020-11-11","Government of Switzerland","Switzerland","Government","133","304","2-s2.0-84959419499","Environmental DNA (eDNA) detects the invasive rusty crayfish Orconectes rusticus at low abundances","2016","1"

"Utilisations de l’ADN ­environnemental pour la surveillance et l’évaluation ­bio­logiques ­des ­écosystèmes ­aquatiques","https://backend.bafu.admin.ch/fileservice/sdweb-docs-prod-bafuadminch-files/files/2025/12/15/4d35910f-c669-43b2-9c7f-e2aa75fd26e9.pdf","https://backend.bafu.admin.ch/fileservice/sdweb-docs-prod-bafuadminch-files/files/2025/12/15/4d35910f-c669-43b2-9c7f-e2aa75fd26e9.pdf","2020","2020-11-11","Government of Switzerland","Switzerland","Government","132","132","2-s2.0-84959419499","Environmental DNA (eDNA) detects the invasive rusty crayfish Orconectes rusticus at low abundances","2016","1"

"Nutzung von Effektbasierten Monitoringmethoden zur besseren Bewertung der Wirkung von Schadstoffen auf die Gewässerökologie","https://www.umweltbundesamt.de/publikationen/nutzung-von-effektbasierten-monitoringmethoden-zur","https://www.umweltbundesamt.de/system/files/medien/11740/publikationen/2026-04/67_2026_Texte.pdf","2026","2026-04-30","Umweltbundesamt (UBA)","Germany","Government","127","295","2-s2.0-85147581998","People need freshwater biodiversity","2023","1"

"Environmental DNA applications in biomonitoring and bioassessment of aquatic ecosystems","https://backend.bafu.admin.ch/fileservice/sdweb-docs-prod-bafuadminch-files/files/2025/09/30/271073dc-e185-426d-963e-1b5a7e9acd97.pdf","https://backend.bafu.admin.ch/fileservice/sdweb-docs-prod-bafuadminch-files/files/2025/09/30/271073dc-e185-426d-963e-1b5a7e9acd97.pdf","2020","2020-11-10","Government of Switzerland","Switzerland","Government","127","127","2-s2.0-84959419499","Environmental DNA (eDNA) detects the invasive rusty crayfish Orconectes rusticus at low abundances","2016","1"

"Becoming #GenerationRestoration: Ecosystem Restoration for People, Nature and Climate","https://wedocs.unep.org/20.500.11822/36251","https://wedocs.unep.org/bitstream/handle/20.500.11822/36251/ERPNC.pdf?sequence=3&isAllowed=y","2021","2021-06-02","United Nations Environment Programme","Intergovernmental","Intergovernmental Organisation","126","218","2-s2.0-85066446889","Extensive coral mortality and critical habitat loss following dredging and their association with remotely-sensed sediment plumes","2019","1"

"Caltrans eDNA coho salmon final report","https://dot.ca.gov/-/media/dot-media/programs/research-innovation-system-information/documents/final-reports/5-task-3697-final-report-a11y.pdf","https://dot.ca.gov/-/media/dot-media/programs/research-innovation-system-information/documents/final-reports/5-task-3697-final-report-a11y.pdf","2024","2024-03-22","State of California","United States","Government","126","779","2-s2.0-84959419499","Environmental DNA (eDNA) detects the invasive rusty crayfish Orconectes rusticus at low abundances","2016","1"

"Assessment of the fish populations beneficial use impairment in the Hamilton Harbour area of concern / by Jonathan D. Midwood, Sigal Balshine, Sarah Beech, Christine M. Boston, Erin Brown, Erin Budgell, Andrea Court, Melanie V. Croft-White, Jesse Gardner Costa, Colin Lake, Sarah M. Larocque, Hossein Mehdi, Alexandra Rebalka, David T. Reddick, Nicole A. Turner, Tys Theijsmeijer and Julie Vanden Byllaardt.: Fs97-6/3628E-PDF Publications - Canada.ca","http://publications.gc.ca/site/eng/9.940818/publication.html","https://publications.gc.ca/collections/collection_2024/mpo-dfo/Fs97-6-3628-eng.pdf","2024","2024-01-01","Government of Canada","Canada","Government","120","423","2-s2.0-85121665320","Space use of juvenile and subadult yellow perch (Perca flavescens) in the Detroit River using acoustic telemetry: incorporating variable detection ranges in vegetated areas","2022","1"

"ELEVENTH (VIRTUAL) SESSION OF THE SCIENTIFIC ADVISORY GROUP (SAG) - Review of the Biological Data, the Stocks Spatial Distribution and the Ecological Connectivity between the Areas Beyond National Jurisdiction and the Exclusive Economic Zones in the WECAFC region","https://openknowledge.fao.org/handle/20.500.14283/cb9496en","https://openknowledge.fao.org/handle/20.500.14283/cb9496en","2022","2022-01-01","Food and Agriculture Organization of the United Nations","Intergovernmental","Intergovernmental Organisation","119","120","2-s2.0-84995773186","Biophysical connectivity explains population genetic structure in a highly dispersive marine species","2017","1"

"DECIMOPRIMERA (VIRTUAL) REUNIÓN DEL GRUPO ASESOR CIENTÍFICO (GAC) - Examen de los Datos Biológicos, la Distribución Espacial de las Poblaciones y la Conectividad Ecológica entre las Zonas Situadas fuera de la Jurisdicción Nacional y las Zonas Económicas Exclusivas en la Región de la COPACO","https://openknowledge.fao.org/handle/20.500.14283/cb9496es","https://openknowledge.fao.org/handle/20.500.14283/cb9496es","2022","2022-01-01","Food and Agriculture Organization of the United Nations","Intergovernmental","Intergovernmental Organisation","119","122","2-s2.0-84995773186","Biophysical connectivity explains population genetic structure in a highly dispersive marine species","2017","1"

"ONZIEME (VIRTUELLE) SESSION DU GROUPE SCIENTIFIQUE CONSULTATIF (GSC) - Données Biologiques, Répartition Géographique des stocks et Connectivité Écologique entre les Zones Hors Juridiction Nationale et les Zones Économiques Exclusives dans la Région de la COPACO","https://openknowledge.fao.org/handle/20.500.14283/cb9496fr","https://openknowledge.fao.org/handle/20.500.14283/cb9496fr","2022","2022-01-01","Food and Agriculture Organization of the United Nations","Intergovernmental","Intergovernmental Organisation","119","119","2-s2.0-84995773186","Biophysical connectivity explains population genetic structure in a highly dispersive marine species","2017","1"

"Anwendung von eDNA-Methoden in biologischen Untersuchungen und bei der biologischen Bewertung von aquatischen Ökosystemen","https://backend.bafu.admin.ch/fileservice/sdweb-docs-prod-bafuadminch-files/files/2025/09/30/7e736d34-983b-4cc1-ad19-0741742198af.pdf","https://backend.bafu.admin.ch/fileservice/sdweb-docs-prod-bafuadminch-files/files/2025/09/30/7e736d34-983b-4cc1-ad19-0741742198af.pdf","2020","2020-11-19","Government of Switzerland","Switzerland","Government","119","119","2-s2.0-84959419499","Environmental DNA (eDNA) detects the invasive rusty crayfish Orconectes rusticus at low abundances","2016","1"

"Smartphones for citizen science water quality monitoring in developing regions","https://hdl.handle.net/10568/151938","https://hdl.handle.net/10568/151938","2024","2024-08-31","CGIAR","France","Think Tank","113","263","2-s2.0-85147581998","People need freshwater biodiversity","2023","1"

"Proposals Submitted by Parties of Species for listing under the Annexes of the SPAW Protocol","https://wedocs.unep.org/20.500.11822/33567","https://wedocs.unep.org/bitstream/handle/20.500.11822/33567/WG38.INF7-fr.pdf?sequence=3&isAllowed=y","2020","2020-08-27","United Nations Environment Programme","Intergovernmental","Intergovernmental Organisation","107","147","2-s2.0-85078100212","Recovery of critically endangered Nassau grouper (Epinephelus striatus) in the Cayman Islands following targeted conservation actions","2020","1"

"SALMUS – Saving Our Northern Freshwater Pearl Mussel Populations","https://julkaisut.metsa.fi/en/publication/salmus-saving-our-northern-freshwater-pearl-mussel-populations/","https://julkaisut.metsa.fi/wp-content/uploads/sites/2/2023/09/a243_small.pdf","2023","2023-09-24","Metsähallitus","Finland","Government","104","301","2-s2.0-85130430554","A Future for the Inland Fish and Fisheries Hidden Within the Sustainable Development Goals","2022","2"
"SALMUS – Saving Our Northern Freshwater Pearl Mussel Populations","https://julkaisut.metsa.fi/en/publication/salmus-saving-our-northern-freshwater-pearl-mussel-populations/","https://julkaisut.metsa.fi/wp-content/uploads/sites/2/2023/09/a243_small.pdf","2023","2023-09-24","Metsähallitus","Finland","Government","104","301","2-s2.0-85085068027","Inland fish and fisheries integral to achieving the Sustainable Development Goals","2020","2"

"Livelihoods-based restoration of inland aquatic ecosystems for poverty reduction, food and nutrition security and biodiversity conservation","https://openknowledge.fao.org/handle/20.500.14283/cd6200en","https://openknowledge.fao.org/handle/20.500.14283/cd6200en","2025","2025-01-01","Food and Agriculture Organization of the United Nations","Intergovernmental","Intergovernmental Organisation","102","196","2-s2.0-85130430554","A Future for the Inland Fish and Fisheries Hidden Within the Sustainable Development Goals","2022","1"

"Ecosystem restoration for people, nature and climate : becoming #GenerationRestoration","https://digitallibrary.un.org/record/3967245?ln=en","https://digitallibrary.un.org/record/3967245/files/ERPNC.pdf","2021","2021-01-01","United Nations","Intergovernmental","Intergovernmental Organisation","101","193","2-s2.0-85066446889","Extensive coral mortality and critical habitat loss following dredging and their association with remotely-sensed sediment plumes","2019","1"

"Nature-based solutions and health","https://apps.who.int/iris/handle/10665/381437","https://iris.who.int/bitstream/handle/10665/381437/WHO-EURO-2025-12214-51986-79744-eng.pdf","2025","2025-05-15","World Health Organization","Intergovernmental","Intergovernmental Organisation","99","205","2-s2.0-85147581998","People need freshwater biodiversity","2023","1"

"How does biodiversity contribute to Nature-based Solutions?","https://www.biodiversa.eu/2023/05/01/how-does-biodiversity-contribute-to-nature-based-solutions/","https://www.biodiversa.eu/wp-content/uploads/2023/05/D4.2-Desk-study-NBS.pdf","2023","2023-05-24","Biodiversa+","France","Government","99","307","2-s2.0-85147581998","People need freshwater biodiversity","2023","1"

"CTX SSA report v2.1-Final.pdf","https://www.fws.gov/media/ctx-ssa-report-v21finalpdf","https://www.fws.gov/sites/default/files/documents/CTX%20SSA%20report%20v2.1_Final.pdf","2022","2022-09-01","U.S. Fish & Wildlife Service (USFWS)","United States","Government","97","200","2-s2.0-85068503021","A comprehensive approach uncovers hidden diversity in freshwater mussels (Bivalvia: Unionidae) with the description of a novel species","2020","1"

"Citizen science to support climate-ready management of united states fisheries","https://library.edf.org/AssetLink/rt4ch86ocgyo466wm5io038370et6w36.pdf","https://library.edf.org/AssetLink/rt4ch86ocgyo466wm5io038370et6w36.pdf","2024","2024-10-31","Environmental Defense Fund","United States","Think Tank","96","229","2-s2.0-85077163001","Great Lakes Fish Finder App; a tool for biologists, managers and education practitioners","2020","1"

"KINGDOM OF CAMBODIA Nation Religion King","https://fia.maff.gov.kh/storage/publications/01HYZCX24H4HHG7N2TS5J9XZEW.pdf","https://fia.maff.gov.kh/storage/publications/01HYZCX24H4HHG7N2TS5J9XZEW.pdf","2021","2021-03-28","Government of Cambodia","Cambodia","Government","94","100","2-s2.0-85085068027","Inland fish and fisheries integral to achieving the Sustainable Development Goals","2020","2"
"KINGDOM OF CAMBODIA Nation Religion King","https://fia.maff.gov.kh/storage/publications/01HYZCX24H4HHG7N2TS5J9XZEW.pdf","https://fia.maff.gov.kh/storage/publications/01HYZCX24H4HHG7N2TS5J9XZEW.pdf","2021","2021-03-28","Government of Cambodia","Cambodia","Government","94","100","2-s2.0-84956883483","New records of the Japanese seahorse Hippocampus mohnikei in Southeast Asia lead to updates in range, habitat and threats","2016","2"

"CITES CoP20: VKM vurderer endringer i internasjonale artslister før globalt toppmøte","https://vkm.no/risikovurderinger/allevurderinger/citescop20vkmvurdererendringeriinternasjonaleartslisterforglobalttoppmote.4.4600acee199c8dc392b77f.html","https://vkm.no/download/18.4600acee199c8dc392b9fa/1760017861653/Assessment%20of%20listing%20proposals%20submitted%20for%20CITES%20CoP20.pdf","2025","2025-10-10","Norwegian Scientific Committee for Food and Environment","Norway","Government","91","261","2-s2.0-105000489237","Trafficking of Galápagos iguanas as an example of a global problem: CITES permits, laundering and the role of transit countries in Europe and Africa","2025","1"

"ONZIEME (VIRTUELLE) SESSION DU GROUPE SCIENTIFIQUE CONSULTATIF (GSC) - Plan régional de gestion de la pêche dans les agrégations de ponte: zoom sur le mérou rayé et le vivaneau sorbe (PRGPAP)","https://openknowledge.fao.org/handle/20.500.14283/cb9254fr","https://openknowledge.fao.org/handle/20.500.14283/cb9254fr","2022","2022-01-01","Food and Agriculture Organization of the United Nations","Intergovernmental","Intergovernmental Organisation","88","88","2-s2.0-85037042669","Historical processes and contemporary anthropogenic activities influence genetic population dynamics of Nassau grouper (Epinephelus striatus) within The Bahamas","2017","6"
"ONZIEME (VIRTUELLE) SESSION DU GROUPE SCIENTIFIQUE CONSULTATIF (GSC) - Plan régional de gestion de la pêche dans les agrégations de ponte: zoom sur le mérou rayé et le vivaneau sorbe (PRGPAP)","https://openknowledge.fao.org/handle/20.500.14283/cb9254fr","https://openknowledge.fao.org/handle/20.500.14283/cb9254fr","2022","2022-01-01","Food and Agriculture Organization of the United Nations","Intergovernmental","Intergovernmental Organisation","88","88","2-s2.0-85052829461","Biophysical connectivity of snapper spawning aggregations and marine protected area management alternatives in Cuba","2019","6"
"ONZIEME (VIRTUELLE) SESSION DU GROUPE SCIENTIFIQUE CONSULTATIF (GSC) - Plan régional de gestion de la pêche dans les agrégations de ponte: zoom sur le mérou rayé et le vivaneau sorbe (PRGPAP)","https://openknowledge.fao.org/handle/20.500.14283/cb9254fr","https://openknowledge.fao.org/handle/20.500.14283/cb9254fr","2022","2022-01-01","Food and Agriculture Organization of the United Nations","Intergovernmental","Intergovernmental Organisation","88","88","2-s2.0-85082719184","RAD-Seq Analysis and in situ Monitoring of Nassau Grouper Reveal Fine-Scale Population Structure and Origins of Aggregating Fish","2020","6"
"ONZIEME (VIRTUELLE) SESSION DU GROUPE SCIENTIFIQUE CONSULTATIF (GSC) - Plan régional de gestion de la pêche dans les agrégations de ponte: zoom sur le mérou rayé et le vivaneau sorbe (PRGPAP)","https://openknowledge.fao.org/handle/20.500.14283/cb9254fr","https://openknowledge.fao.org/handle/20.500.14283/cb9254fr","2022","2022-01-01","Food and Agriculture Organization of the United Nations","Intergovernmental","Intergovernmental Organisation","88","88","2-s2.0-85111990891","Pulse recruitment and recovery of cayman islands nassau grouper (Epinephelus striatus) spawning aggregations revealed by in situ length-frequency data","2021","6"
"ONZIEME (VIRTUELLE) SESSION DU GROUPE SCIENTIFIQUE CONSULTATIF (GSC) - Plan régional de gestion de la pêche dans les agrégations de ponte: zoom sur le mérou rayé et le vivaneau sorbe (PRGPAP)","https://openknowledge.fao.org/handle/20.500.14283/cb9254fr","https://openknowledge.fao.org/handle/20.500.14283/cb9254fr","2022","2022-01-01","Food and Agriculture Organization of the United Nations","Intergovernmental","Intergovernmental Organisation","88","88","2-s2.0-85078100212","Recovery of critically endangered Nassau grouper (Epinephelus striatus) in the Cayman Islands following targeted conservation actions","2020","6"
"ONZIEME (VIRTUELLE) SESSION DU GROUPE SCIENTIFIQUE CONSULTATIF (GSC) - Plan régional de gestion de la pêche dans les agrégations de ponte: zoom sur le mérou rayé et le vivaneau sorbe (PRGPAP)","https://openknowledge.fao.org/handle/20.500.14283/cb9254fr","https://openknowledge.fao.org/handle/20.500.14283/cb9254fr","2022","2022-01-01","Food and Agriculture Organization of the United Nations","Intergovernmental","Intergovernmental Organisation","88","88","2-s2.0-84971229288","Decadal analysis of larval connectivity from Cuban snapper (Lutjanidae) spawning aggregations based on biophysical modeling","2016","6"

"WECAFC - EIGHTEENTH SESSION - Draft Regional Fish Spawning Aggregation Fishery Management Plan: Focus on Nassau Grouper and Mutton Snapper (FSAMP)","https://openknowledge.fao.org/handle/20.500.14283/cc0659en","https://openknowledge.fao.org/handle/20.500.14283/cc0659en","2022","2022-01-01","Food and Agriculture Organization of the United Nations","Intergovernmental","Intergovernmental Organisation","88","88","2-s2.0-85037042669","Historical processes and contemporary anthropogenic activities influence genetic population dynamics of Nassau grouper (Epinephelus striatus) within The Bahamas","2017","6"
"WECAFC - EIGHTEENTH SESSION - Draft Regional Fish Spawning Aggregation Fishery Management Plan: Focus on Nassau Grouper and Mutton Snapper (FSAMP)","https://openknowledge.fao.org/handle/20.500.14283/cc0659en","https://openknowledge.fao.org/handle/20.500.14283/cc0659en","2022","2022-01-01","Food and Agriculture Organization of the United Nations","Intergovernmental","Intergovernmental Organisation","88","88","2-s2.0-85052829461","Biophysical connectivity of snapper spawning aggregations and marine protected area management alternatives in Cuba","2019","6"
"WECAFC - EIGHTEENTH SESSION - Draft Regional Fish Spawning Aggregation Fishery Management Plan: Focus on Nassau Grouper and Mutton Snapper (FSAMP)","https://openknowledge.fao.org/handle/20.500.14283/cc0659en","https://openknowledge.fao.org/handle/20.500.14283/cc0659en","2022","2022-01-01","Food and Agriculture Organization of the United Nations","Intergovernmental","Intergovernmental Organisation","88","88","2-s2.0-85082719184","RAD-Seq Analysis and in situ Monitoring of Nassau Grouper Reveal Fine-Scale Population Structure and Origins of Aggregating Fish","2020","6"
"WECAFC - EIGHTEENTH SESSION - Draft Regional Fish Spawning Aggregation Fishery Management Plan: Focus on Nassau Grouper and Mutton Snapper (FSAMP)","https://openknowledge.fao.org/handle/20.500.14283/cc0659en","https://openknowledge.fao.org/handle/20.500.14283/cc0659en","2022","2022-01-01","Food and Agriculture Organization of the United Nations","Intergovernmental","Intergovernmental Organisation","88","88","2-s2.0-85111990891","Pulse recruitment and recovery of cayman islands nassau grouper (Epinephelus striatus) spawning aggregations revealed by in situ length-frequency data","2021","6"
"WECAFC - EIGHTEENTH SESSION - Draft Regional Fish Spawning Aggregation Fishery Management Plan: Focus on Nassau Grouper and Mutton Snapper (FSAMP)","https://openknowledge.fao.org/handle/20.500.14283/cc0659en","https://openknowledge.fao.org/handle/20.500.14283/cc0659en","2022","2022-01-01","Food and Agriculture Organization of the United Nations","Intergovernmental","Intergovernmental Organisation","88","88","2-s2.0-85078100212","Recovery of critically endangered Nassau grouper (Epinephelus striatus) in the Cayman Islands following targeted conservation actions","2020","6"
"WECAFC - EIGHTEENTH SESSION - Draft Regional Fish Spawning Aggregation Fishery Management Plan: Focus on Nassau Grouper and Mutton Snapper (FSAMP)","https://openknowledge.fao.org/handle/20.500.14283/cc0659en","https://openknowledge.fao.org/handle/20.500.14283/cc0659en","2022","2022-01-01","Food and Agriculture Organization of the United Nations","Intergovernmental","Intergovernmental Organisation","88","88","2-s2.0-84971229288","Decadal analysis of larval connectivity from Cuban snapper (Lutjanidae) spawning aggregations based on biophysical modeling","2016","6"

"COPACO - DIX-HUITIЀME SESSION - Projet de plan régional de gestion de la pêche dans les agrégations de ponte: zoom sur le mérou rayé et le vivaneau sorbe (PRGPAP)","https://openknowledge.fao.org/handle/20.500.14283/cc0659fr","https://openknowledge.fao.org/handle/20.500.14283/cc0659fr","2022","2022-01-01","Food and Agriculture Organization of the United Nations","Intergovernmental","Intergovernmental Organisation","88","88","2-s2.0-85037042669","Historical processes and contemporary anthropogenic activities influence genetic population dynamics of Nassau grouper (Epinephelus striatus) within The Bahamas","2017","6"
"COPACO - DIX-HUITIЀME SESSION - Projet de plan régional de gestion de la pêche dans les agrégations de ponte: zoom sur le mérou rayé et le vivaneau sorbe (PRGPAP)","https://openknowledge.fao.org/handle/20.500.14283/cc0659fr","https://openknowledge.fao.org/handle/20.500.14283/cc0659fr","2022","2022-01-01","Food and Agriculture Organization of the United Nations","Intergovernmental","Intergovernmental Organisation","88","88","2-s2.0-85052829461","Biophysical connectivity of snapper spawning aggregations and marine protected area management alternatives in Cuba","2019","6"
"COPACO - DIX-HUITIЀME SESSION - Projet de plan régional de gestion de la pêche dans les agrégations de ponte: zoom sur le mérou rayé et le vivaneau sorbe (PRGPAP)","https://openknowledge.fao.org/handle/20.500.14283/cc0659fr","https://openknowledge.fao.org/handle/20.500.14283/cc0659fr","2022","2022-01-01","Food and Agriculture Organization of the United Nations","Intergovernmental","Intergovernmental Organisation","88","88","2-s2.0-85082719184","RAD-Seq Analysis and in situ Monitoring of Nassau Grouper Reveal Fine-Scale Population Structure and Origins of Aggregating Fish","2020","6"
"COPACO - DIX-HUITIЀME SESSION - Projet de plan régional de gestion de la pêche dans les agrégations de ponte: zoom sur le mérou rayé et le vivaneau sorbe (PRGPAP)","https://openknowledge.fao.org/handle/20.500.14283/cc0659fr","https://openknowledge.fao.org/handle/20.500.14283/cc0659fr","2022","2022-01-01","Food and Agriculture Organization of the United Nations","Intergovernmental","Intergovernmental Organisation","88","88","2-s2.0-85111990891","Pulse recruitment and recovery of cayman islands nassau grouper (Epinephelus striatus) spawning aggregations revealed by in situ length-frequency data","2021","6"
"COPACO - DIX-HUITIЀME SESSION - Projet de plan régional de gestion de la pêche dans les agrégations de ponte: zoom sur le mérou rayé et le vivaneau sorbe (PRGPAP)","https://openknowledge.fao.org/handle/20.500.14283/cc0659fr","https://openknowledge.fao.org/handle/20.500.14283/cc0659fr","2022","2022-01-01","Food and Agriculture Organization of the United Nations","Intergovernmental","Intergovernmental Organisation","88","88","2-s2.0-85078100212","Recovery of critically endangered Nassau grouper (Epinephelus striatus) in the Cayman Islands following targeted conservation actions","2020","6"
"COPACO - DIX-HUITIЀME SESSION - Projet de plan régional de gestion de la pêche dans les agrégations de ponte: zoom sur le mérou rayé et le vivaneau sorbe (PRGPAP)","https://openknowledge.fao.org/handle/20.500.14283/cc0659fr","https://openknowledge.fao.org/handle/20.500.14283/cc0659fr","2022","2022-01-01","Food and Agriculture Organization of the United Nations","Intergovernmental","Intergovernmental Organisation","88","88","2-s2.0-84971229288","Decadal analysis of larval connectivity from Cuban snapper (Lutjanidae) spawning aggregations based on biophysical modeling","2016","6"

"Regional Fish Spawning Aggregation Fishery Management Plan: Focus on Nassau grouper and Mutton snapper / Plan régional de gestion de la pêche dans les agrégations de ponte: zoom sur le mérou rayé et le vivaneau sorbe / Plan regional de ordenación pesquera de las especies que forman agregaciones de desove: con enfoque en la Cherna Criolla y el Pargo Criollo","https://openknowledge.fao.org/handle/20.500.14283/cd0128t","https://openknowledge.fao.org/handle/20.500.14283/cd0128t","2024","2024-01-01","Food and Agriculture Organization of the United Nations","Intergovernmental","Intergovernmental Organisation","87","104","2-s2.0-85037042669","Historical processes and contemporary anthropogenic activities influence genetic population dynamics of Nassau grouper (Epinephelus striatus) within The Bahamas","2017","6"
"Regional Fish Spawning Aggregation Fishery Management Plan: Focus on Nassau grouper and Mutton snapper / Plan régional de gestion de la pêche dans les agrégations de ponte: zoom sur le mérou rayé et le vivaneau sorbe / Plan regional de ordenación pesquera de las especies que forman agregaciones de desove: con enfoque en la Cherna Criolla y el Pargo Criollo","https://openknowledge.fao.org/handle/20.500.14283/cd0128t","https://openknowledge.fao.org/handle/20.500.14283/cd0128t","2024","2024-01-01","Food and Agriculture Organization of the United Nations","Intergovernmental","Intergovernmental Organisation","87","104","2-s2.0-85052829461","Biophysical connectivity of snapper spawning aggregations and marine protected area management alternatives in Cuba","2019","6"
"Regional Fish Spawning Aggregation Fishery Management Plan: Focus on Nassau grouper and Mutton snapper / Plan régional de gestion de la pêche dans les agrégations de ponte: zoom sur le mérou rayé et le vivaneau sorbe / Plan regional de ordenación pesquera de las especies que forman agregaciones de desove: con enfoque en la Cherna Criolla y el Pargo Criollo","https://openknowledge.fao.org/handle/20.500.14283/cd0128t","https://openknowledge.fao.org/handle/20.500.14283/cd0128t","2024","2024-01-01","Food and Agriculture Organization of the United Nations","Intergovernmental","Intergovernmental Organisation","87","104","2-s2.0-85082719184","RAD-Seq Analysis and in situ Monitoring of Nassau Grouper Reveal Fine-Scale Population Structure and Origins of Aggregating Fish","2020","6"
"Regional Fish Spawning Aggregation Fishery Management Plan: Focus on Nassau grouper and Mutton snapper / Plan régional de gestion de la pêche dans les agrégations de ponte: zoom sur le mérou rayé et le vivaneau sorbe / Plan regional de ordenación pesquera de las especies que forman agregaciones de desove: con enfoque en la Cherna Criolla y el Pargo Criollo","https://openknowledge.fao.org/handle/20.500.14283/cd0128t","https://openknowledge.fao.org/handle/20.500.14283/cd0128t","2024","2024-01-01","Food and Agriculture Organization of the United Nations","Intergovernmental","Intergovernmental Organisation","87","104","2-s2.0-85111990891","Pulse recruitment and recovery of cayman islands nassau grouper (Epinephelus striatus) spawning aggregations revealed by in situ length-frequency data","2021","6"
"Regional Fish Spawning Aggregation Fishery Management Plan: Focus on Nassau grouper and Mutton snapper / Plan régional de gestion de la pêche dans les agrégations de ponte: zoom sur le mérou rayé et le vivaneau sorbe / Plan regional de ordenación pesquera de las especies que forman agregaciones de desove: con enfoque en la Cherna Criolla y el Pargo Criollo","https://openknowledge.fao.org/handle/20.500.14283/cd0128t","https://openknowledge.fao.org/handle/20.500.14283/cd0128t","2024","2024-01-01","Food and Agriculture Organization of the United Nations","Intergovernmental","Intergovernmental Organisation","87","104","2-s2.0-85078100212","Recovery of critically endangered Nassau grouper (Epinephelus striatus) in the Cayman Islands following targeted conservation actions","2020","6"
"Regional Fish Spawning Aggregation Fishery Management Plan: Focus on Nassau grouper and Mutton snapper / Plan régional de gestion de la pêche dans les agrégations de ponte: zoom sur le mérou rayé et le vivaneau sorbe / Plan regional de ordenación pesquera de las especies que forman agregaciones de desove: con enfoque en la Cherna Criolla y el Pargo Criollo","https://openknowledge.fao.org/handle/20.500.14283/cd0128t","https://openknowledge.fao.org/handle/20.500.14283/cd0128t","2024","2024-01-01","Food and Agriculture Organization of the United Nations","Intergovernmental","Intergovernmental Organisation","87","104","2-s2.0-84971229288","Decadal analysis of larval connectivity from Cuban snapper (Lutjanidae) spawning aggregations based on biophysical modeling","2016","6"

"DECIMOPRIMERA (VIRTUAL) REUNIÓN DEL GRUPO ASESOR CIENTÍFICO (GAC) - El Plan Regional de ordenación pesquera de las especies que forman agregaciones de desove: con enfoque en la cherna criolla y el pargo criollo (PROPEFAD)","https://openknowledge.fao.org/handle/20.500.14283/cb9254es","https://openknowledge.fao.org/handle/20.500.14283/cb9254es","2022","2022-01-01","Food and Agriculture Organization of the United Nations","Intergovernmental","Intergovernmental Organisation","87","87","2-s2.0-85037042669","Historical processes and contemporary anthropogenic activities influence genetic population dynamics of Nassau grouper (Epinephelus striatus) within The Bahamas","2017","5"
"DECIMOPRIMERA (VIRTUAL) REUNIÓN DEL GRUPO ASESOR CIENTÍFICO (GAC) - El Plan Regional de ordenación pesquera de las especies que forman agregaciones de desove: con enfoque en la cherna criolla y el pargo criollo (PROPEFAD)","https://openknowledge.fao.org/handle/20.500.14283/cb9254es","https://openknowledge.fao.org/handle/20.500.14283/cb9254es","2022","2022-01-01","Food and Agriculture Organization of the United Nations","Intergovernmental","Intergovernmental Organisation","87","87","2-s2.0-85052829461","Biophysical connectivity of snapper spawning aggregations and marine protected area management alternatives in Cuba","2019","5"
"DECIMOPRIMERA (VIRTUAL) REUNIÓN DEL GRUPO ASESOR CIENTÍFICO (GAC) - El Plan Regional de ordenación pesquera de las especies que forman agregaciones de desove: con enfoque en la cherna criolla y el pargo criollo (PROPEFAD)","https://openknowledge.fao.org/handle/20.500.14283/cb9254es","https://openknowledge.fao.org/handle/20.500.14283/cb9254es","2022","2022-01-01","Food and Agriculture Organization of the United Nations","Intergovernmental","Intergovernmental Organisation","87","87","2-s2.0-85082719184","RAD-Seq Analysis and in situ Monitoring of Nassau Grouper Reveal Fine-Scale Population Structure and Origins of Aggregating Fish","2020","5"
"DECIMOPRIMERA (VIRTUAL) REUNIÓN DEL GRUPO ASESOR CIENTÍFICO (GAC) - El Plan Regional de ordenación pesquera de las especies que forman agregaciones de desove: con enfoque en la cherna criolla y el pargo criollo (PROPEFAD)","https://openknowledge.fao.org/handle/20.500.14283/cb9254es","https://openknowledge.fao.org/handle/20.500.14283/cb9254es","2022","2022-01-01","Food and Agriculture Organization of the United Nations","Intergovernmental","Intergovernmental Organisation","87","87","2-s2.0-85078100212","Recovery of critically endangered Nassau grouper (Epinephelus striatus) in the Cayman Islands following targeted conservation actions","2020","5"
"DECIMOPRIMERA (VIRTUAL) REUNIÓN DEL GRUPO ASESOR CIENTÍFICO (GAC) - El Plan Regional de ordenación pesquera de las especies que forman agregaciones de desove: con enfoque en la cherna criolla y el pargo criollo (PROPEFAD)","https://openknowledge.fao.org/handle/20.500.14283/cb9254es","https://openknowledge.fao.org/handle/20.500.14283/cb9254es","2022","2022-01-01","Food and Agriculture Organization of the United Nations","Intergovernmental","Intergovernmental Organisation","87","87","2-s2.0-84971229288","Decadal analysis of larval connectivity from Cuban snapper (Lutjanidae) spawning aggregations based on biophysical modeling","2016","5"

"Assessment of freshwater quantity allocation and use","https://environment.govt.nz/publications/assessment-of-freshwater-quantity-allocation-and-use/","https://environment.govt.nz/assets/publications/Freshwater/assessment-of-freshwater-quantity-allocation-and-use.pdf","2025","2025-08-22","Ministry for the Environment","New Zealand","Government","87","207","2-s2.0-85147581998","People need freshwater biodiversity","2023","1"

"COPACO - DECIMOCTAVA SESIÓN - Proyecto de Plan Regional de ordenación pesquera de las especies que forman agregaciones de desove: con enfoque en la cherna criolla y el pargo criollo (PROPEFAD)","https://openknowledge.fao.org/handle/20.500.14283/cc0659es","https://openknowledge.fao.org/handle/20.500.14283/cc0659es","2022","2022-01-01","Food and Agriculture Organization of the United Nations","Intergovernmental","Intergovernmental Organisation","87","135","2-s2.0-85037042669","Historical processes and contemporary anthropogenic activities influence genetic population dynamics of Nassau grouper (Epinephelus striatus) within The Bahamas","2017","5"
"COPACO - DECIMOCTAVA SESIÓN - Proyecto de Plan Regional de ordenación pesquera de las especies que forman agregaciones de desove: con enfoque en la cherna criolla y el pargo criollo (PROPEFAD)","https://openknowledge.fao.org/handle/20.500.14283/cc0659es","https://openknowledge.fao.org/handle/20.500.14283/cc0659es","2022","2022-01-01","Food and Agriculture Organization of the United Nations","Intergovernmental","Intergovernmental Organisation","87","135","2-s2.0-85052829461","Biophysical connectivity of snapper spawning aggregations and marine protected area management alternatives in Cuba","2019","5"
"COPACO - DECIMOCTAVA SESIÓN - Proyecto de Plan Regional de ordenación pesquera de las especies que forman agregaciones de desove: con enfoque en la cherna criolla y el pargo criollo (PROPEFAD)","https://openknowledge.fao.org/handle/20.500.14283/cc0659es","https://openknowledge.fao.org/handle/20.500.14283/cc0659es","2022","2022-01-01","Food and Agriculture Organization of the United Nations","Intergovernmental","Intergovernmental Organisation","87","135","2-s2.0-85082719184","RAD-Seq Analysis and in situ Monitoring of Nassau Grouper Reveal Fine-Scale Population Structure and Origins of Aggregating Fish","2020","5"
"COPACO - DECIMOCTAVA SESIÓN - Proyecto de Plan Regional de ordenación pesquera de las especies que forman agregaciones de desove: con enfoque en la cherna criolla y el pargo criollo (PROPEFAD)","https://openknowledge.fao.org/handle/20.500.14283/cc0659es","https://openknowledge.fao.org/handle/20.500.14283/cc0659es","2022","2022-01-01","Food and Agriculture Organization of the United Nations","Intergovernmental","Intergovernmental Organisation","87","135","2-s2.0-85078100212","Recovery of critically endangered Nassau grouper (Epinephelus striatus) in the Cayman Islands following targeted conservation actions","2020","5"
"COPACO - DECIMOCTAVA SESIÓN - Proyecto de Plan Regional de ordenación pesquera de las especies que forman agregaciones de desove: con enfoque en la cherna criolla y el pargo criollo (PROPEFAD)","https://openknowledge.fao.org/handle/20.500.14283/cc0659es","https://openknowledge.fao.org/handle/20.500.14283/cc0659es","2022","2022-01-01","Food and Agriculture Organization of the United Nations","Intergovernmental","Intergovernmental Organisation","87","135","2-s2.0-84971229288","Decadal analysis of larval connectivity from Cuban snapper (Lutjanidae) spawning aggregations based on biophysical modeling","2016","5"

"Identification of ecological significance, knowledge gaps and conservation objectives for the Tuvaijuittuq Marine Protected Area.: Fs70-7/2020-056E-PDF Publications - Canada.ca","http://publications.gc.ca/site/eng/9.895682/publication.html","https://publications.gc.ca/collections/collection_2021/mpo-dfo/fs70-7/Fs70-7-2020-056-eng.pdf","2020","2020-12-01","Government of Canada","Canada","Government","82","82","2-s2.0-85059128532","Abundance and species diversity hotspots of tracked marine predators across the North American Arctic","2019","1"

"USGS Illinois River monitoring and evaluation","https://invasivecarp.us/Documents/Monitoring-Response-Plan-2020.pdf","https://invasivecarp.us/Documents/Monitoring-Response-Plan-2020.pdf","2021","2021-06-01","United States Geological Survey","United States","Government","77","139","2-s2.0-85034226144","Does aquatic invasive species removal benefit native fish? The response of gizzard shad (Dorosoma cepedianum) to commercial harvest of bighead carp (Hypophthalmichthys nobilis) and silver carp (H. molitrix)","2018","1"

"Project GCP/SLC/223/EC – Improving ecosystem approach to fisheries by advancing fish spawning aggregation information gathering and increase of public engagement in the WECAFC region - Report from The Bahamas submitted by Krista Sherman, PhD to Wildlife Conservation Society (WCS) for WECAFC - May 2024","https://openknowledge.fao.org/handle/20.500.14283/cd3790en","https://openknowledge.fao.org/handle/20.500.14283/cd3790en","2024","2024-01-01","Food and Agriculture Organization of the United Nations","Intergovernmental","Intergovernmental Organisation","76","76","2-s2.0-85037042669","Historical processes and contemporary anthropogenic activities influence genetic population dynamics of Nassau grouper (Epinephelus striatus) within The Bahamas","2017","7"
"Project GCP/SLC/223/EC – Improving ecosystem approach to fisheries by advancing fish spawning aggregation information gathering and increase of public engagement in the WECAFC region - Report from The Bahamas submitted by Krista Sherman, PhD to Wildlife Conservation Society (WCS) for WECAFC - May 2024","https://openknowledge.fao.org/handle/20.500.14283/cd3790en","https://openknowledge.fao.org/handle/20.500.14283/cd3790en","2024","2024-01-01","Food and Agriculture Organization of the United Nations","Intergovernmental","Intergovernmental Organisation","76","76","2-s2.0-85052829461","Biophysical connectivity of snapper spawning aggregations and marine protected area management alternatives in Cuba","2019","7"
"Project GCP/SLC/223/EC – Improving ecosystem approach to fisheries by advancing fish spawning aggregation information gathering and increase of public engagement in the WECAFC region - Report from The Bahamas submitted by Krista Sherman, PhD to Wildlife Conservation Society (WCS) for WECAFC - May 2024","https://openknowledge.fao.org/handle/20.500.14283/cd3790en","https://openknowledge.fao.org/handle/20.500.14283/cd3790en","2024","2024-01-01","Food and Agriculture Organization of the United Nations","Intergovernmental","Intergovernmental Organisation","76","76","2-s2.0-85050722539","Ontogenetic patterns in resource use dynamics of bonefish (Albula vulpes) in the Bahamas","2019","7"
"Project GCP/SLC/223/EC – Improving ecosystem approach to fisheries by advancing fish spawning aggregation information gathering and increase of public engagement in the WECAFC region - Report from The Bahamas submitted by Krista Sherman, PhD to Wildlife Conservation Society (WCS) for WECAFC - May 2024","https://openknowledge.fao.org/handle/20.500.14283/cd3790en","https://openknowledge.fao.org/handle/20.500.14283/cd3790en","2024","2024-01-01","Food and Agriculture Organization of the United Nations","Intergovernmental","Intergovernmental Organisation","76","76","2-s2.0-85052788963","Contemporary and emerging fisheries in The Bahamas—Conservation and management challenges, achievements and future directions","2018","7"
"Project GCP/SLC/223/EC – Improving ecosystem approach to fisheries by advancing fish spawning aggregation information gathering and increase of public engagement in the WECAFC region - Report from The Bahamas submitted by Krista Sherman, PhD to Wildlife Conservation Society (WCS) for WECAFC - May 2024","https://openknowledge.fao.org/handle/20.500.14283/cd3790en","https://openknowledge.fao.org/handle/20.500.14283/cd3790en","2024","2024-01-01","Food and Agriculture Organization of the United Nations","Intergovernmental","Intergovernmental Organisation","76","76","2-s2.0-85180829735","Habitat-specific impacts of climate change on the trophic demand of a marine predator","2024","7"
"Project GCP/SLC/223/EC – Improving ecosystem approach to fisheries by advancing fish spawning aggregation information gathering and increase of public engagement in the WECAFC region - Report from The Bahamas submitted by Krista Sherman, PhD to Wildlife Conservation Society (WCS) for WECAFC - May 2024","https://openknowledge.fao.org/handle/20.500.14283/cd3790en","https://openknowledge.fao.org/handle/20.500.14283/cd3790en","2024","2024-01-01","Food and Agriculture Organization of the United Nations","Intergovernmental","Intergovernmental Organisation","76","76","2-s2.0-85082719184","RAD-Seq Analysis and in situ Monitoring of Nassau Grouper Reveal Fine-Scale Population Structure and Origins of Aggregating Fish","2020","7"
"Project GCP/SLC/223/EC – Improving ecosystem approach to fisheries by advancing fish spawning aggregation information gathering and increase of public engagement in the WECAFC region - Report from The Bahamas submitted by Krista Sherman, PhD to Wildlife Conservation Society (WCS) for WECAFC - May 2024","https://openknowledge.fao.org/handle/20.500.14283/cd3790en","https://openknowledge.fao.org/handle/20.500.14283/cd3790en","2024","2024-01-01","Food and Agriculture Organization of the United Nations","Intergovernmental","Intergovernmental Organisation","76","76","2-s2.0-85018450752","Nassau grouper migration patterns during full moon suggest collapsed historic fsh spawning aggregation and evidence of an undocumented aggregation","2017","7"

"RIver flow regulation, fish BEhaviour and Status","https://ec.europa.eu/research/participants/documents/downloadPublic?documentIds=080166e506675939&appId=PPGMS","https://ec.europa.eu/research/participants/documents/downloadPublic?documentIds=080166e506675939&appId=PPGMS","2024","2024-07-24","CORDIS","European Union","Government","75","183","2-s2.0-85071663528","One hundred pressing questions on the future of global fish migration science, conservation, and policy","2019","1"

"Quantifying Lake Ontario coregonine habitat use dynamic’s across space and time to inform assessment and restoration","https://seagrant.sunysb.edu/Images/Uploads/PDFs/GreatLakes-CSMI-LakeOntario-Report-2018.pdf","https://seagrant.sunysb.edu/Images/Uploads/PDFs/GreatLakes-CSMI-LakeOntario-Report-2018.pdf","2021","2021-09-30","United States Geological Survey","United States","Government","74","83","2-s2.0-85076604536","Fatty acid profiles of lake trout reveal the importance of lipid content for interpreting trophic relationships within and across lakes","2020","1"

"Spread of harmful microorganisms through fouling of ships - A brief literature review","https://nva.sikt.no/registration/019a3950f38b-3458f66c-dbaa-41de-9e2b-f659261f5a0d","https://nva-resource-storage-755923822223.s3.eu-west-1.amazonaws.com/7cff8eb6-9b81-4e16-a1ab-4174a06058db?response-content-type=application%2Fpdf&X-Amz-Security-Token=IQoJb3JpZ2luX2VjEIX%2F%2F%2F%2F%2F%2F%2F%2F%2F%2FwEaCWV1LXdlc3QtMSJIMEYCIQDyE4X9KTzcnJmkRhFB8kuLy32t4fXC3gfScZbQZm7aWAIhANuB%2F1QTSbYyQheOIkVhOWXd9qb0tg01CnaUlrj%2FTkOUKtMDCE0QAxoMNzU1OTIzODIyMjIzIgx5oSbHknb5Ppta%2FUEqsANxoXwucs2kbez6ylU9iYyeYY59HcxkaDhJi3ZCxihIxKc6ll9EzcOUvuhFz8ffMEXynB%2FKpDGNc%2F4KKVjI5Vl0XHQN9bQ8MEhbWBNhVGzFzWTYfugYPC5u2fPa%2Fvjg6UIdBpqf66oZpVHU3SXNbkfqfm4tbuQJxvlwneUS0YP30AzOVMsWUKmRoHLM3jYrQAFQe46GhTXMMmFjcaOHt4WYrFd0XQMketWvVShQL6PKrJDbHkMKFmCuHPoPvgSUGONc1KyuZYJQDXl8aVigjR8WBRU8y69rKIfLk2q38kZ6xmIG0HnYm%2FW1F70erzdbCalcrUiuXPxO%2BwDXgoJ7M2jEyUg79RD2GkiJ%2BjDndTrxa8lBp78c10J7KTHy18Stt9IVC73Q8E%2Fk8XjIB1wRhxsrbPcfzQ0XqkRbO1pGaqQa2lQ5tNythAmdSOBGU54T6ppgJgocbkhSCxy4k9LW%2BuMZBKydALwuKy6i5kIo%2FeXd8DGcxpONRtY%2FCsbYDo7yTXvjJYQPRKx5zDLvSxK3oEQCeodgbeeNV4R4v5gEtSPsEU465DxrH9cfUopspuZmmhsw1teJzQY6nQFC6f%2FHqmOOeOWIJAeULVh8Vxs4l2fxVxSEXoAgMZ5%2Bcs373%2F6ANMw13wLKxRNPqzHVtI%2FzPTZtV2zs7%2FymEy%2F8%2FOwl7HhYkNFwEVQHEts%2Bo7d7WaIxOOG5t8lKhiDVejNgHI6t2vsKJJzm%2Bn8sxyquTkZtMj4bILdXbcEVnJWtX19qFKDSEjMNdH148s4rLgxPFMSApspAulldWSi6&X-Amz-Algorithm=AWS4-HMAC-SHA256&X-Amz-Date=20260228T052111Z&X-Amz-SignedHeaders=host&X-Amz-Credential=ASIA3AAESE2HS25RVJVR%2F20260228%2Feu-west-1%2Fs3%2Faws4_request&X-Amz-Expires=600&X-Amz-Signature=48c4b4f9bb8eafe8ecbdada5662dd7da3b23fb82a33bba009157933b437279ca","2025","2025-10-14","SINTEF","Norway","Think Tank","72","165","2-s2.0-85148975936","Cross-Hemispheric Genetic Diversity and Spatial Genetic Structure of Callinectes sapidus Reovirus 1 (CsRV1)","2023","1"

"Enabling consistent reporting and monitoring for freshwater (inland waters) restoration under Target 2 of the Kunming-Montreal Global Biodiversity Framework","https://openknowledge.fao.org/handle/20.500.14283/cd5046en","https://openknowledge.fao.org/handle/20.500.14283/cd5046en","2025","2025-01-01","Food and Agriculture Organization of the United Nations","Intergovernmental","Intergovernmental Organisation","70","70","2-s2.0-85085068027","Inland fish and fisheries integral to achieving the Sustainable Development Goals","2020","1"

"Nassau Grouper, Epinephelus Striatus (Bloch 1792) Biological Report","https://wedocs.unep.org/20.500.11822/33621","https://wedocs.unep.org/bitstream/handle/20.500.11822/33621/WG.36-INF.13-en.pdf?sequence=1&isAllowed=y","2020","2020-09-01","United Nations Environment Programme","Intergovernmental","Intergovernmental Organisation","68","93","2-s2.0-85078100212","Recovery of critically endangered Nassau grouper (Epinephelus striatus) in the Cayman Islands following targeted conservation actions","2020","1"

"Strengthening CITES Implementation in Central America and the Caribbean: Species Reviews","https://wedocs.unep.org/20.500.11822/38024","https://wedocs.unep.org/bitstream/handle/20.500.11822/38024/WCS_CITES_CAC_SP.pdf?sequence=2&isAllowed=y","2022","2022-02-02","United Nations Environment Programme","Intergovernmental","Intergovernmental Organisation","67","64","2-s2.0-85030110332","Isolation by oceanic distance and spatial genetic structure in an overharvested international fishery","2017","1"

"Canada's oceans now : case studies from state of Canada's Arctic seas report / editor, Andrea Niemi.: Fs23-549/2-2019E-PDF Publications - Canada.ca","http://publications.gc.ca/site/eng/9.881583/publication.html","https://publications.gc.ca/collections/collection_2020/mpo-dfo/Fs23-549-2-2019-eng.pdf","2019","2019-01-01","Government of Canada","Canada","Government","66","66","2-s2.0-85059128532","Abundance and species diversity hotspots of tracked marine predators across the North American Arctic","2019","1"

"Kriterier for lagring av miljø-DNA prøver og data, herunder henvisning til referansemateriale - Miljødirektoratet","https://www.miljodirektoratet.no/publikasjoner/2020/mars-2020/kriterier-for-lagring-av-miljo-dna-prover-og-data-herunder-henvisning-til-referansemateriale/","https://www.miljodirektoratet.no/link/14e118a81fd04554aa7dfc98a7c298ac.aspx","2020","2020-03-04","Norwegian Environment Agency","Norway","Government","66","66","2-s2.0-84959419499","Environmental DNA (eDNA) detects the invasive rusty crayfish Orconectes rusticus at low abundances","2016","1"

"Strengthening CITES Implementation in Central America and the Caribbean: Species Reviews","https://wedocs.unep.org/handle/20.500.11822/38024","https://wedocs.unep.org/xmlui/bitstream/20.500.11822/38024/1/WCS_CITES_CAC_EN.pdf","2019","2019-01-01","United Nations Environment Programme","Intergovernmental","Intergovernmental Organisation","65","181","2-s2.0-85030110332","Isolation by oceanic distance and spatial genetic structure in an overharvested international fishery","2017","1"

"Strengthening CITES implementation in Central America and the Caribbean","https://resources.unep-wcmc.org/products/WCMC_RT024","https://resources.unep-wcmc.org/products/strengthening-cites-implementation-central-america-caribbean/download/1711886","2019","2019-04-30","UN Environment Programme World Conservation Monitoring Centre","Intergovernmental","Intergovernmental Organisation","63","179","2-s2.0-85030110332","Isolation by oceanic distance and spatial genetic structure in an overharvested international fishery","2017","1"

"Enabling sustainable lifestyles in a climate emergency - Klimatyczna Baza Wiedzy","https://klimatycznabazawiedzy.org/raport/enabling-sustainable-lifestyles-in-a-climate-emergency/","https://klimatycznabazawiedzy.org/wp-content/uploads/2022/11/The-State-of-World-Fisheries-and-Aquaculture-2022.pdf","2022","2022-04-01","Klimatyczna Baza Wiedzy (KBW)","Poland","Think Tank","62","134","2-s2.0-85065200788","Fishing for conservation of freshwater tropical fishes in the Anthropocene","2019","1"

"The impact of healthcare-associated infections on patients and hospitals","https://www.wateraid.org/washmatters/resources/linkages-between-wash-climate-change-food-security-and-ecosystems","https://dam-cdn.wi0.orangelogic.com/AssetLink/fe1mm78e7p30lw7843xw4072f4n58fc7.pdf","2024","2024-09-17","WaterAid","United Kingdom","Think Tank","59","118","2-s2.0-85147581998","People need freshwater biodiversity","2023","1"

"The linkages between WASH, climate change, food security and ecosystems | WASH Matters","https://washmatters.wateraid.org/publications/the-linkages-between-wash-climate-change-food-security-and-ecosystems","https://washmatters.wateraid.org/sites/g/files/jkxoof256/files/2024-11/Linkages-WASH-climate-change-food-security-ecosystems.pdf","2024","2024-11-04","WaterAid","United Kingdom","Think Tank","59","118","2-s2.0-85147581998","People need freshwater biodiversity","2023","1"

"Biological viability assessment update for Pacific salmon and steelhead listed under the Endangered Species Act : Pacific Northwest /","https://purl.fdlp.gov/GPO/gpo183211","https://purl.fdlp.gov/GPO/gpo183211","2022","2022-01-18","Government Publishing Office (GPO)","United States","Government","58","72","2-s2.0-85088793938","A Bayesian nested patch occupancy model to estimate steelhead movement and abundance","2020","1"

"The state of world fisheries and aquaculture. 2022, towards blue transformation","https://digitallibrary.un.org/record/3978694?ln=en","https://digitallibrary.un.org/record/3978694/files/cc0461en.pdf","2022","2022-01-01","United Nations","Intergovernmental","Intergovernmental Organisation","57","138","2-s2.0-85065200788","Fishing for conservation of freshwater tropical fishes in the Anthropocene","2019","1"

"1. Introduction","https://dlnr.hawaii.gov/holomua/files/2023/12/Evidence-for-managing-herbivores-for-reefresilience.pdf","https://dlnr.hawaii.gov/holomua/files/2023/12/Evidence-for-managing-herbivores-for-reefresilience.pdf","2023","2023-12-13","State of Hawaii","United States","Government","57","57","2-s2.0-85133177153","From polyps to pixels: understanding coral reef resilience to local and global change across scales","2023","1"

"Public Comments Received on the Triennial Review of State Surface Water Quality Standards","https://floridadep.gov/sites/default/files/Public%20Comment%20Compilation_100224_0.pdf","https://floridadep.gov/sites/default/files/Public%20Comment%20Compilation_100224_0.pdf","2024","2024-10-02","State of Florida","United States","Government","52","121","2-s2.0-85066446889","Extensive coral mortality and critical habitat loss following dredging and their association with remotely-sensed sediment plumes","2019","1"

"Telemetry-derived seasonal fish-habitat associations and spatial use in the Hamilton Harbour Area of Concern in western Lake Ontario / by Sarah M. Larocque, Christine M. Boston, Jill L. Brooks, Jacob W. Brownscombe, Steven J. Cooke, Susan E. Doka, and Jonathan D. Midwood.: Fs97-6/3593E-PDF Publications - Canada.ca","http://publications.gc.ca/site/eng/9.933655/publication.html","https://publications.gc.ca/collections/collection_2024/mpo-dfo/Fs97-6-3593-eng.pdf","2024","2024-01-01","Government of Canada","Canada","Government","49","143","2-s2.0-85121665320","Space use of juvenile and subadult yellow perch (Perca flavescens) in the Detroit River using acoustic telemetry: incorporating variable detection ranges in vegetated areas","2022","2"
"Telemetry-derived seasonal fish-habitat associations and spatial use in the Hamilton Harbour Area of Concern in western Lake Ontario / by Sarah M. Larocque, Christine M. Boston, Jill L. Brooks, Jacob W. Brownscombe, Steven J. Cooke, Susan E. Doka, and Jonathan D. Midwood.: Fs97-6/3593E-PDF Publications - Canada.ca","http://publications.gc.ca/site/eng/9.933655/publication.html","https://publications.gc.ca/collections/collection_2024/mpo-dfo/Fs97-6-3593-eng.pdf","2024","2024-01-01","Government of Canada","Canada","Government","49","143","2-s2.0-85100771338","Performance of acoustic telemetry in relation to submerged aquatic vegetation in a nearshore freshwater habitat","2021","2"

"Summary of acoustic telemetry data in St. Anns Bank Marine Protected Area from 2015-2023 / Harri Pettitt-Wade, Nicholas W. Jeffery, Ben Zisserson, Ryan R.E. Stanley.: Fs97-6/3651E-PDF Publications - Canada.ca","http://publications.gc.ca/site/eng/9.945511/publication.html","https://publications.gc.ca/collections/collection_2025/mpo-dfo/fs97-6/Fs97-6-3651-eng.pdf","2025","2025-01-01","Government of Canada","Canada","Government","43","83","2-s2.0-85088384909","Identification of predation events in wild fish using novel acoustic transmitters","2020","2"
"Summary of acoustic telemetry data in St. Anns Bank Marine Protected Area from 2015-2023 / Harri Pettitt-Wade, Nicholas W. Jeffery, Ben Zisserson, Ryan R.E. Stanley.: Fs97-6/3651E-PDF Publications - Canada.ca","http://publications.gc.ca/site/eng/9.945511/publication.html","https://publications.gc.ca/collections/collection_2025/mpo-dfo/fs97-6/Fs97-6-3651-eng.pdf","2025","2025-01-01","Government of Canada","Canada","Government","43","83","2-s2.0-85175809469","Globally coordinated acoustic aquatic animal tracking reveals unexpected, ecologically important movements across oceans, lakes and rivers","2024","2"

"World Wildlife Trade Report","https://cites.org/sites/default/files/common/docs/Pilot_World_Wildlife_Trade_Report_for_CITES_CoP19.pdf","https://cites.org/sites/default/files/common/docs/Pilot_World_Wildlife_Trade_Report_for_CITES_CoP19.pdf","2022","2022-11-01","Convention on International Trade in Endangered Species of Wild Fauna and Flora","Switzerland","Think Tank","42","114","2-s2.0-85061661700","Relationships between Fishing Pressure and Stock Structure in Queen Conch (Lobatus gigas) Populations: Synthesis of Long-Term Surveys and Evidence for Overfishing in The Bahamas","2019","1"

"Study on the State of Agriculture in the Caribbean","https://www.caribank.org/publications-and-resources/resource-library/thematic-papers/study-state-agriculture-caribbean","https://www.caribank.org/sites/default/files/publication-resources/Study%20on%20the%20State%20of%20Agriculture%20in%20the%20Caribbean.pdf","2019","2019-06-06","Caribbean Development Bank","Intergovernmental","Intergovernmental Organisation","41","99","2-s2.0-84955306358","Indirect effects of overfishing on Caribbean reefs: Sponges overgrow reef-building corals","2015","1"

"Biscayne Bay Aquatic Preserve Management Plan","https://floridadep.gov/sites/default/files/Biscayne-Bay-AP-Management-Plan.pdf","https://floridadep.gov/sites/default/files/Biscayne-Bay-AP-Management-Plan.pdf","2025","2025-12-16","State of Florida","United States","Government","40","41","2-s2.0-85066446889","Extensive coral mortality and critical habitat loss following dredging and their association with remotely-sensed sediment plumes","2019","1"

"Study on the State of Agriculture in the Caribbean","https://openknowledge.fao.org/handle/20.500.14283/ca4726en","https://openknowledge.fao.org/handle/20.500.14283/ca4726en","2019","2019-01-01","Food and Agriculture Organization of the United Nations","Intergovernmental","Intergovernmental Organisation","40","42","2-s2.0-84955306358","Indirect effects of overfishing on Caribbean reefs: Sponges overgrow reef-building corals","2015","1"

"Using environmental DNA (eDNA) to assess the presence of cavefish and cave crayfish populations in caves of the Ozark Highlands","https://www.fws.gov/media/using-environmental-dna-edna-assess-presence-cavefish-and-cave-crayfish-populations-caves","https://www.fws.gov/sites/default/files/documents/CSS_135_Brewer_etal_2020.pdf","2019","2019-03-03","U.S. Fish & Wildlife Service (USFWS)","United States","Government","38","86","2-s2.0-84959419499","Environmental DNA (eDNA) detects the invasive rusty crayfish Orconectes rusticus at low abundances","2016","1"

"Using environmental DNA (eDNA) to assess the presence of cavefish and cave crayfish populations in the Ozark Highlands /","https://purl.fdlp.gov/GPO/gpo173576","https://purl.fdlp.gov/GPO/gpo173576","2021","2021-12-10","Government Publishing Office (GPO)","United States","Government","38","86","2-s2.0-84959419499","Environmental DNA (eDNA) detects the invasive rusty crayfish Orconectes rusticus at low abundances","2016","1"

"Biscayne Bay Aquatic Preserve Draft Management Plan","https://floridadep.gov/sites/default/files/Biscayne-Bay-AP-Management-Plan-2024-Draft_1.pdf","https://floridadep.gov/sites/default/files/Biscayne-Bay-AP-Management-Plan-2024-Draft_1.pdf","2024","2024-12-12","State of Florida","United States","Government","38","39","2-s2.0-85066446889","Extensive coral mortality and critical habitat loss following dredging and their association with remotely-sensed sediment plumes","2019","1"

"To Port Everglade Sediment","https://floridadep.gov/sites/default/files/Final%20Report_DEP_final_0.pdf","https://floridadep.gov/sites/default/files/Final%20Report_DEP_final_0.pdf","2023","2023-09-27","State of Florida","United States","Government","37","100","2-s2.0-85101489122","Increasing comparability among coral bleaching experiments","2021","1"

"Native freshwater mussel distribution in tributaries of the Colorado River downstream of Longhorn Dam near Austin, Texas, USA","https://services.austintexas.gov/edims/document.cfm?id=437550","https://services.austintexas.gov/edims/document.cfm?id=437550","2024","2024-09-25","City of Austin","United States","Government","37","80","2-s2.0-85068503021","A comprehensive approach uncovers hidden diversity in freshwater mussels (Bivalvia: Unionidae) with the description of a novel species","2020","1"

"Die Österreichische Strategie zur Anpassung an den Klimawandel","https://www.bundeskanzleramt.gv.at/dam/jcr:084d09af-dcb9-43d7-adf2-10aacf7b0e56/93_14_beilage_1_nb.pdf","https://www.bundeskanzleramt.gv.at/dam/jcr:084d09af-dcb9-43d7-adf2-10aacf7b0e56/93_14_beilage_1_nb.pdf","2024","2024-03-18","Austrian Government Ministries","Austria","Government","36","85","2-s2.0-85147581998","People need freshwater biodiversity","2023","1"

"COSEWIC assessment and status report on the mudpuppy, Necturus maculosus, Manitoba population, Great Lakes / St. Lawrence population, in Canada.: CW69-14/836-2024E-PDF Publications - Canada.ca","http://publications.gc.ca/site/eng/9.938345/publication.html","https://publications.gc.ca/collections/collection_2024/eccc/cw69/CW69-14-836-2024-eng.pdf","2023","2023-01-01","Government of Canada","Canada","Government","36","118","2-s2.0-85008156786","Diets, population structure, and seasonal activity patterns of mudpuppies (Necturus maculosus) in an urban, Great Lakes coastal habitat","2017","1"

"Die Österreichische Strategie zur Anpassung an den Klimawandel | Teil 2 – Aktionsplan Handlungsempfehlungen für die Umsetzung","https://www.bmluk.gv.at/dam/jcr:95ed9e2a-ae68-486a-ba54-4b57d8778e8e/BMK_NAS_Teil-2_Aktionsplan_UA.pdf","https://www.bmluk.gv.at/dam/jcr:95ed9e2a-ae68-486a-ba54-4b57d8778e8e/BMK_NAS_Teil-2_Aktionsplan_UA.pdf","2024","2024-08-13","Austrian Government Ministries","Austria","Government","35","35","2-s2.0-85147581998","People need freshwater biodiversity","2023","1"

"Die Österreichische Strategie zur Anpassung an den Klimawandel | Teil 2 – Aktionsplan Handlungsempfehlungen für die Umsetzung","https://www.bmluk.gv.at/dam/jcr:07aab774-27c5-4de2-86d7-9276563b8934/BMK_NAS_Teil-2_Aktionsplan_UA.pdf","https://www.bmluk.gv.at/dam/jcr:07aab774-27c5-4de2-86d7-9276563b8934/BMK_NAS_Teil-2_Aktionsplan_UA.pdf","2024","2024-08-13","Austrian Government Ministries","Austria","Government","35","82","2-s2.0-85147581998","People need freshwater biodiversity","2023","1"

"Environmental DNA detection of the giant freshwater crayfish (Astacopsis gouldi)","https://fpa.tas.gov.au/__data/assets/pdf_file/0011/290765/Trujillo-Gonzalez_et_al_2020_eDNA_GFC.pdf","https://fpa.tas.gov.au/__data/assets/pdf_file/0011/290765/Trujillo-Gonzalez_et_al_2020_eDNA_GFC.pdf","2021","2021-05-08","State of Tasmania","Australia","Government","35","80","2-s2.0-84959419499","Environmental DNA (eDNA) detects the invasive rusty crayfish Orconectes rusticus at low abundances","2016","1"

"The association between diet of periurban wild dogs and zoonotic pathogen carriage","https://era.dpi.qld.gov.au/id/eprint/6667/1/AM18042.pdf","https://era.dpi.qld.gov.au/id/eprint/6667/1/AM18042.pdf","2019","2019-07-02","State of Queensland","Australia","Government","34","34","2-s2.0-84983540142","Physiological effects of tourism and associated food provisioning in an endangered iguana","2013","1"

"Defining suspended sediment tolerance and warming thresholds for Caribbean Endangered Species Act (ESA) and/or Stony Coral Tissue Loss Disease (SCTLD) susceptible corals","https://floridadep.gov/sites/default/files/Texas%20A%26M%20University-Corpus%20Christi_Turbidity_Final%20Report.pdf","https://floridadep.gov/sites/default/files/Texas%20A%26M%20University-Corpus%20Christi_Turbidity_Final%20Report.pdf","2024","2024-06-25","State of Florida","United States","Government","33","72","2-s2.0-85066446889","Extensive coral mortality and critical habitat loss following dredging and their association with remotely-sensed sediment plumes","2019","1"

"A framework for assessing confidence in environmental DNA qPCR assays and results - NECR359","https://publications.naturalengland.org.uk/publication/6164479097438208","https://publications.naturalengland.org.uk/file/6663895243816960","2021","2021-06-10","Natural England","United Kingdom","Government","33","81","2-s2.0-84959419499","Environmental DNA (eDNA) detects the invasive rusty crayfish Orconectes rusticus at low abundances","2016","1"

"Focus Team Local Action Strategy (Combined) Project/s ##:","https://floridadep.gov/sites/default/files/UF_Meyer_Probiotics%20Final%20Report.pdf","https://floridadep.gov/sites/default/files/UF_Meyer_Probiotics%20Final%20Report.pdf","2024","2024-06-18","State of Florida","United States","Government","33","40","2-s2.0-85088287369","Thermotolerant coral symbionts modulate heat stress-responsive genes in their hosts","2020","1"

"Informe de la pesquería de caracol rosado","https://sag.gob.hn/wp-content/uploads/2025/02/Informe-final-temporada-pesquera-de-Aliger-gigas-2_250211_123743-_-resize.pdf","https://sag.gob.hn/wp-content/uploads/2025/02/Informe-final-temporada-pesquera-de-Aliger-gigas-2_250211_123743-_-resize.pdf","2025","2025-02-11","Government of Honduras","Honduras","Government","32","98","2-s2.0-85113695821","Spatial dependency in abundance of Queen conch, Aliger gigas, in the Caribbean, indicates the importance of surveying deep-water distributions","2021","1"

"Study on the State of Agriculture in the Caribbean","https://openknowledge.fao.org/handle/20.500.14283/ca7190en","https://openknowledge.fao.org/handle/20.500.14283/ca7190en","2020","2020-01-01","Food and Agriculture Organization of the United Nations","Intergovernmental","Intergovernmental Organisation","32","72","2-s2.0-84955306358","Indirect effects of overfishing on Caribbean reefs: Sponges overgrow reef-building corals","2015","1"

"Rebuilding marine biodiversity","https://post.parliament.uk/rebuilding-marine-biodiversity/","https://post.parliament.uk/rebuilding-marine-biodiversity/","Unknown Year","-","UK Parliament Research Briefings","United Kingdom","Government","31","31","2-s2.0-85085287206","Characterization of a thermally tolerant Orbicella faveolata reef in Abaco, The Bahamas","2020","1"

"Parrotfishes in the Caribbean: a regional review with recommendations for management","https://openknowledge.fao.org/handle/20.500.14283/cb7855en","https://openknowledge.fao.org/handle/20.500.14283/cb7855en","2021","2021-01-01","Food and Agriculture Organization of the United Nations","Intergovernmental","Intergovernmental Organisation","30","49","2-s2.0-85052788963","Contemporary and emerging fisheries in The Bahamas—Conservation and management challenges, achievements and future directions","2018","1"

"Situational analysis of the Doma-Rutu socio-ecological landscape in Nasarawa State, Nigeria","https://hdl.handle.net/10568/139402","https://hdl.handle.net/10568/139402","2024","2024-02-15","CGIAR","France","Think Tank","29","56","2-s2.0-85085068027","Inland fish and fisheries integral to achieving the Sustainable Development Goals","2020","1"

"Pesca en el Caribe de Aliger gigas","https://sag.gob.hn/wp-content/uploads/2024/11/Informe-final-caracol.pdf","https://sag.gob.hn/wp-content/uploads/2024/11/Informe-final-caracol.pdf","2024","2024-10-31","Government of Honduras","Honduras","Government","28","95","2-s2.0-85113695821","Spatial dependency in abundance of Queen conch, Aliger gigas, in the Caribbean, indicates the importance of surveying deep-water distributions","2021","1"

"Prepared by Horsley Witten Group for NOAA Coral Reef Conservation Program","https://floridadep.gov/sites/default/files/HorsleyWittenGroup2024_Government-Cut-Inlet-WMP-2024.pdf","https://floridadep.gov/sites/default/files/HorsleyWittenGroup2024_Government-Cut-Inlet-WMP-2024.pdf","2024","2024-12-09","State of Florida","United States","Government","28","56","2-s2.0-85066446889","Extensive coral mortality and critical habitat loss following dredging and their association with remotely-sensed sediment plumes","2019","1"

"Status and trends of pelagic and benthic prey fish populations in Lake Michigan, 2020","https://www.glfc.org/pubs/lake_committees/common_docs/LM_Forage_Report_2021_For_Dissemination.pdf","https://www.glfc.org/pubs/lake_committees/common_docs/LM_Forage_Report_2021_For_Dissemination.pdf","2021","2021-06-01","United States Geological Survey","United States","Government","28","68","2-s2.0-85086038461","Diet complexity of Lake Michigan salmonines: 2015–2016","2020","1"

"Arctic-breeding seabirds’ hotspots in space and time - A methodological framework for year-round modelling of environmental niche and abundance using light-logger data","https://nva.sikt.no/registration/0198cc8a5945-d141934b-de4f-46e3-9b3e-44c90735e1af","https://nva-resource-storage-755923822223.s3.eu-west-1.amazonaws.com/12b6a384-2006-4a27-98d6-f217a8542f00?response-content-type=application%2Fpdf&X-Amz-Security-Token=IQoJb3JpZ2luX2VjEGsaCWV1LXdlc3QtMSJHMEUCIQDE7LWOg2yR0tlWPMf%2BEzk3tsX5vU4oLq2uo11ruZY5tQIgO2g8dbxsmJPuLVOdvdkG0iyifWALcewYzcwWX%2BWah%2BUq9gQINBADGgw3NTU5MjM4MjIyMjMiDFCSGYnfd6aV5pS6dCrTBMyuyz3RBKEwjAMBCywVH4Xv0oA5rk0bEbEJoFGu6fn9isV0zykQzog6kjYmCB8rkzSGXBNuavs4Q%2FZZ4ALo1cmpAX8s7xAOcvqCtcsDNr%2BFXCJ8h9rzy4eS%2FVF1ejD3Yx3CSqxwL0vSWEs7IUsVMskR6%2B85lIRUQmH8koqSjlWPKd0xN07d62KCuCl8l%2BR9jbTSSXrXI1kL2AV9twOIi1cmjdtKw%2Fs22TdCeoESmPGMbyT9g7c4U5mokz2PES95bGvvWJUn51FaXhU%2BzeMXrhqybJYlyPAmbGjeYaq7lZ87KArXtMGsL0GfS4xX%2BqY4Sf8okKgH4tVgRtR3%2BdiUNhOAbHZmLWzi4u%2BhHaLDZJMMQPHYCrab2LeDCY6t1wChAAg%2BDZu0E92sVNZ%2BTBf7r7qon60GVJIYwH%2B4UQgbxXkKG2QYKuLQrS7YjfdrqgND966m34wf8DB4V8Sx7vZHN%2FSR9r2%2BAktOs0Bce3RNPzOPiDWJBEKtztuZGmggHwTn67eSB31qMJvtLKItiGrHw8ATpPo2JwHPAVglLtMK%2FtUKxtcy2Zstq%2BPa0JQIZgq3hoVaQlfia2jC%2BIXHAk%2Bs3m%2BiS44xFAgfWmmy%2FlPuIlVpzPQ1OCS1RdCwlRSaWT3u1Cx6kDwx0pKpkr3FcaDgxRxZ7G1sbGwgN61NCtMxzdX448N70D2p1D1rTa4qWiso6wALRBJrbhWXIqVBTtXDtwyCUzB1NnzfCcKwPCnRUdYihPTAouGvRJeTlLzDJEaUqDfDgyrnqkviRyRXq%2B2CQQbdtp4wou2szgY6owGyx6WzSHz%2Fw9HJWF4noDuVpp%2Bd%2FRmaxSl%2FEhUy4m8gxECNBmi98k%2F67lPnp6wrlMEUoockkeIGRxg4JHsizlvp92rHwehHBz2b5zPnx2modAX7RQKTlOYWEy7JVsaYerAHTottBlkw%2FLSfHShzwxsvXcJl4fABRjd460I477PqEiD4Q6i0dnlq8%2BvX4Di4d9U48mgc6kg3RgGcqZxaxoK0cSbV&X-Amz-Algorithm=AWS4-HMAC-SHA256&X-Amz-Date=20260331T043559Z&X-Amz-SignedHeaders=host&X-Amz-Credential=ASIA3AAESE2H6CZF3JJP%2F20260331%2Feu-west-1%2Fs3%2Faws4_request&X-Amz-Expires=600&X-Amz-Signature=ef26af6ef82b3d8dd49f50255308ad7d2f8539750d0cedca72eec56a9ee52971","2019","2019-01-01","Norsk Polarinstitutt","Norway","Government","27","84","2-s2.0-85059128532","Abundance and species diversity hotspots of tracked marine predators across the North American Arctic","2019","1"

"Science review of additional documents submitted May 13-June 17, 2019 for the second technical review of the final environmental impact statement addendum for the Baffinland Mary River project phase 2.","http://publications.gc.ca/site/eng/9.880095/publication.html","http://publications.gc.ca/collections/collection_2019/mpo-dfo/fs70-7/Fs70-7-2019-031-eng.pdf","2019","2019-01-01","Government of Canada","Canada","Government","26","72","2-s2.0-85059128532","Abundance and species diversity hotspots of tracked marine predators across the North American Arctic","2019","1"

"Ecological Risk Screening Summary - Fishhook Waterflea (Cercopagis pengoi) - High Risk","https://www.fws.gov/media/ecological-risk-screening-summary-fishhook-waterflea-cercopagis-pengoi-high-risk","https://www.fws.gov/sites/default/files/documents/2026-01/ecological-risk-screening-summary-fishhook-waterflea-dec-2025.pdf","2025","2025-12-30","U.S. Fish & Wildlife Service (USFWS)","United States","Government","26","77","2-s2.0-85178325258","First records of the fishhook waterflea Cercopagis pengoi Ostroumov, 1891 in the Mississippi River Basin, Illinois Waterway, USA","2023","1"

"Multifunctional Landscapes Program: Full design document","https://hdl.handle.net/10568/162814","https://hdl.handle.net/10568/162814","2024","2024-11-27","CGIAR","France","Think Tank","26","26","2-s2.0-85147581998","People need freshwater biodiversity","2023","1"

"Advies van BuRO over de inrichting van een landelijk monitoringsprogramma van uitheemse rivierkreeften","https://www.nvwa.nl/documenten/organisatie/buro/publicatie/advies-van-buro-over-de-inrichting-van-een-landelijk-monitoringsprogramma-van-uitheemse-rivierkreeften","https://www.nvwa.nl/site/binaries/site-content/collections/documents/organisatie/buro/publicatie/advies-van-buro-over-de-inrichting-van-een-landelijk-monitoringsprogramma-van-uitheemse-rivierkreeften/advies-van-buro-over-inrichting-monitoring-rivierkreeften.pdf","2025","2025-09-24","Nederlandse Voedsel- en Warenautoriteit (NVWA)","Netherlands","Government","24","24","2-s2.0-84959419499","Environmental DNA (eDNA) detects the invasive rusty crayfish Orconectes rusticus at low abundances","2016","1"

"Stolen Wildlife V - The EU’s role as destination for wildlife traffickers – an update","https://www.ifaw.org/resources/stolen-wildlife-v-eu-role-as-destination-wildlife-traffickers-update","https://d1jyxxz9imt9yb.cloudfront.net/resource/1854/attachment/original/stolen-wildlife-v.pdf","2025","2025-09-23","International Fund for Animal Welfare","United Kingdom","Think Tank","22","53","2-s2.0-105000489237","Trafficking of Galápagos iguanas as an example of a global problem: CITES permits, laundering and the role of transit countries in Europe and Africa","2025","1"

"The World's Forgotten Fishes (application/pdf, 52.4 MB)","https://files.worldwildlife.org/wwfcmsprod/files/Publication/file/4x01xgpg0m_wwfintl_freshwater_fishes_report.pdf","https://files.worldwildlife.org/wwfcmsprod/files/Publication/file/4x01xgpg0m_wwfintl_freshwater_fishes_report.pdf","2021","2021-02-26","WWF","United States","Think Tank","22","22","2-s2.0-85085068027","Inland fish and fisheries integral to achieving the Sustainable Development Goals","2020","1"

"Supplement to the biophysical and ecological overview for Southampton Island (SI) EBSA to include additional areas within the Southampton Island area of interest (AOI).: Fs70-7/2020-055E-PDF Publications - Canada.ca","http://publications.gc.ca/site/eng/9.895680/publication.html","https://publications.gc.ca/collections/collection_2021/mpo-dfo/fs70-7/Fs70-7-2020-055-eng.pdf","2020","2020-12-01","Government of Canada","Canada","Government","22","22","2-s2.0-85059128532","Abundance and species diversity hotspots of tracked marine predators across the North American Arctic","2019","1"

"Report on the potential origin of the SCTLD in the Florida Reef Tract","https://floridadep.gov/sites/default/files/report_onset_2014%20508%20compliant.pdf","https://floridadep.gov/sites/default/files/report_onset_2014%20508%20compliant.pdf","2020","2020-06-30","State of Florida","United States","Government","22","62","2-s2.0-85066446889","Extensive coral mortality and critical habitat loss following dredging and their association with remotely-sensed sediment plumes","2019","1"

"MN Wetland Status and Trends","https://www.lrl.mn.gov/docs/2024/other/240033.pdf","https://www.lrl.mn.gov/docs/2024/other/240033.pdf","2024","2024-01-04","State of Minnesota","United States","Government","20","42","2-s2.0-85128727972","Potential impacts of emerald ash borer and adaptation strategies on wildlife communities in black ash wetlands","2022","1"

"Field testing of eDNA technologies to detect populations of non-native crayfish in Cumbria rivers - NECR326","https://publications.naturalengland.org.uk/publication/6388008216690688","https://publications.naturalengland.org.uk/file/4503796106657792","2020","2020-10-14","Natural England","United Kingdom","Government","20","53","2-s2.0-85018679626","Environmental DNA (eDNA) detects the invasive crayfishes Orconectes rusticus and Pacifastacus leniusculus in large lakes of North America","2017","1"

"Long Point National Wildlife Area management plan.: CW66-924/2022E-PDF Publications - Canada.ca","http://publications.gc.ca/site/eng/9.916956/publication.html","https://publications.gc.ca/collections/collection_2022/eccc/cw66/CW66-924-2022-eng.pdf","2022","2022-01-01","Government of Canada","Canada","Government","20","20","2-s2.0-85018679626","Environmental DNA (eDNA) detects the invasive crayfishes Orconectes rusticus and Pacifastacus leniusculus in large lakes of North America","2017","1"

"Science review of additional documents submitted June 18-August 29, 2019 for the final environmental impact statement addendum for the Baffinland Mary River Project phase 2.","http://publications.gc.ca/site/eng/9.882133/publication.html","http://publications.gc.ca/collections/collection_2019/mpo-dfo/fs70-7/Fs70-7-2019-038-eng.pdf","2019","2019-01-01","Government of Canada","Canada","Government","19","47","2-s2.0-85059128532","Abundance and species diversity hotspots of tracked marine predators across the North American Arctic","2019","1"

"Tracking lamprey spawning migrations in the River Murray","https://www.pir.sa.gov.au/__data/assets/pdf_file/0005/347099/Tracking_lamprey_spawning_migrations_in_the_River_Murray.pdf","https://www.pir.sa.gov.au/__data/assets/pdf_file/0005/347099/Tracking_lamprey_spawning_migrations_in_the_River_Murray.pdf","2019","2019-07-26","State of South Australia","Australia","Government","19","46","2-s2.0-85064839845","Conducting and interpreting fish telemetry studies: considerations for researchers and resource managers","2019","1"

"Remote sensing and how it can be used to fill data gaps in marine and coastal environments. A review with a Mozambique case study","https://resources.unep-wcmc.org/products/WCMC_RT544","https://resources.unep-wcmc.org/products/filling-gaps-biodiversity-knowledge-marine-costal-environments-using-remote-review-case-mozambique-wcmc_rt544/download/1712757","2024","2024-06-07","UN Environment Programme World Conservation Monitoring Centre","Intergovernmental","Intergovernmental Organisation","18","41","2-s2.0-85066446889","Extensive coral mortality and critical habitat loss following dredging and their association with remotely-sensed sediment plumes","2019","1"

"Updated decision analysis to inform multi-species salmonine management in Lake Michigan","https://www.fws.gov/media/updated-decision-analysis-inform-multi-species-salmonine-management-lake-michigan","https://www.fws.gov/sites/default/files/documents/CSS_154_Robinson_et_al_2023.pdf","2023","2023-10-25","U.S. Fish & Wildlife Service (USFWS)","United States","Government","17","37","2-s2.0-85086038461","Diet complexity of Lake Michigan salmonines: 2015–2016","2020","1"

"Linkages between inland fisheries and international instruments – Opportunities for engagement","https://openknowledge.fao.org/handle/20.500.14283/cc2760en","https://openknowledge.fao.org/handle/20.500.14283/cc2760en","2023","2023-01-01","Food and Agriculture Organization of the United Nations","Intergovernmental","Intergovernmental Organisation","16","34","2-s2.0-85065200788","Fishing for conservation of freshwater tropical fishes in the Anthropocene","2019","1"

"Inland Fisheries Annual Report 2019","https://tpwd.texas.gov/publications/pwdpubs/media/pwd_rp_t3200_0909_2019.pdf","https://tpwd.texas.gov/publications/pwdpubs/media/pwd_rp_t3200_0909_2019.pdf","2020","2020-06-18","State of Texas","United States","Government","15","15","2-s2.0-85068503021","A comprehensive approach uncovers hidden diversity in freshwater mussels (Bivalvia: Unionidae) with the description of a novel species","2020","1"

"US-Cuba Working Together Again: Lessons from Environmental Cooperation [PDF]","https://library.edf.org/AssetLink/7g6pp7co6q61e4dra0d3w33vp8jhpj7t.pdf","https://library.edf.org/AssetLink/7g6pp7co6q61e4dra0d3w33vp8jhpj7t.pdf","2021","2021-10-07","Environmental Defense Fund","United States","Think Tank","15","63","2-s2.0-84971229288","Decadal analysis of larval connectivity from Cuban snapper (Lutjanidae) spawning aggregations based on biophysical modeling","2016","1"

"COSEWIC assessment and status report on the Carmine Shiner, Notropis percobromus, in Canada .","http://publications.gc.ca/site/eng/9.862056/publication.html","http://publications.gc.ca/collections/collection_2019/eccc/CW69-14-466-2018-eng.pdf","2018","2018-01-01","Government of Canada","Canada","Government","14","29","2-s2.0-84960848738","Do invasive rusty crayfish (Orconectes rusticus) decouple littoral and pelagic energy flows in lake food webs?","2016","1"

"The use of algal symbiont cultures (Family Symbiodiniaceae) as model systems to study stony coral tissue loss disease (SCTLD ): Use of fractionated disease isolates to help with pathogen identification","https://floridadep.gov/sites/default/files/2023_Final%20Report%20C0A70C_1.pdf","https://floridadep.gov/sites/default/files/2023_Final%20Report%20C0A70C_1.pdf","2023","2023-06-15","State of Florida","United States","Government","14","29","2-s2.0-85101489122","Increasing comparability among coral bleaching experiments","2021","1"

"Limited telemetry-based detections of non-native rudd (Scardinius erythrophthalmus) during the winter in a Hamilton Harbour tributary / David T. Reddick, Erin Budgell, Nicole A. Turner, Jonathan D. Midwood.: Fs97-13/1435E-PDF Publications - Canada.ca","http://publications.gc.ca/site/eng/9.949747/publication.html","https://publications.gc.ca/collections/collection_2025/mpo-dfo/Fs97-13-1435-eng.pdf","2025","2025-01-01","Government of Canada","Canada","Government","13","13","2-s2.0-85088384909","Identification of predation events in wild fish using novel acoustic transmitters","2020","1"

"Illinois State Water Plan","https://dnr.illinois.gov/content/dam/soi/en/web/dnr/waterresources/statewaterplantaskforce/documents/swptf_report_dec2022.pdf","https://dnr.illinois.gov/content/dam/soi/en/web/dnr/waterresources/statewaterplantaskforce/documents/swptf_report_dec2022.pdf","2022","2022-12-21","State of Illinois","United States","Government","13","13","2-s2.0-85034226144","Does aquatic invasive species removal benefit native fish? The response of gizzard shad (Dorosoma cepedianum) to commercial harvest of bighead carp (Hypophthalmichthys nobilis) and silver carp (H. molitrix)","2018","1"

"AIS Action Plan – Rusty Crayfish","https://www.pa.gov/content/dam/copapwp-pagov/en/fishandboat/documents/conservation/ais/ais-control-plan-rusty-crayfish.pdf","https://www.pa.gov/content/dam/copapwp-pagov/en/fishandboat/documents/conservation/ais/ais-control-plan-rusty-crayfish.pdf","2022","2022-04-07","Commonwealth of Pennsylvania","United States","Government","12","29","2-s2.0-84960848738","Do invasive rusty crayfish (Orconectes rusticus) decouple littoral and pelagic energy flows in lake food webs?","2016","1"

"Preliminary results from an acoustic telemetry study on Atlantic herring in the northern Gulf of St. Lawrence / Kim Émond and Pedro Nilo.: Fs70-5/2025-029E-PDF Publications - Canada.ca","http://publications.gc.ca/site/eng/9.950057/publication.html","https://publications.gc.ca/collections/collection_2025/mpo-dfo/fs70-5/Fs70-5-2025-029-eng.pdf","2025","2025-05-01","Government of Canada","Canada","Government","11","24","2-s2.0-85064839845","Conducting and interpreting fish telemetry studies: considerations for researchers and resource managers","2019","1"

"WECAFC - Nineteenth Session - Bridgetown, Barbados, 6-8 September 2023 - DATA COLLECTION REFERENCE FRAMEWORK - Update on the State of Fisheries and Aquaculture in the WECAFC Area","https://openknowledge.fao.org/handle/20.500.14283/cc7204en","https://openknowledge.fao.org/handle/20.500.14283/cc7204en","2023","2023-01-01","Food and Agriculture Organization of the United Nations","Intergovernmental","Intergovernmental Organisation","10","14","2-s2.0-85061661700","Relationships between Fishing Pressure and Stock Structure in Queen Conch (Lobatus gigas) Populations: Synthesis of Long-Term Surveys and Evidence for Overfishing in The Bahamas","2019","1"

"Integrating inland capture fisheries into the United Nations 2030 Agenda for Sustainable Development","https://openknowledge.fao.org/handle/20.500.14283/cc0323en","https://openknowledge.fao.org/handle/20.500.14283/cc0323en","2022","2022-01-01","Food and Agriculture Organization of the United Nations","Intergovernmental","Intergovernmental Organisation","10","13","2-s2.0-85085068027","Inland fish and fisheries integral to achieving the Sustainable Development Goals","2020","1"

"Options envisagées pour la réorientation stratégique de la Commission des Pêches pour l'Atlantique Centre-Ouest (COPACO)","https://openknowledge.fao.org/handle/20.500.14283/cd5868fr","https://openknowledge.fao.org/handle/20.500.14283/cd5868fr","2025","2025-01-01","Food and Agriculture Organization of the United Nations","Intergovernmental","Intergovernmental Organisation","9","16","2-s2.0-84995773186","Biophysical connectivity explains population genetic structure in a highly dispersive marine species","2017","1"

"Twentieth session of the Western Central Atlantic Fishery Commission - Analysis Options Considered for the Strategic Reorientation of the Western Central Atlantic Fishery Commission (WECAFC)","https://openknowledge.fao.org/handle/20.500.14283/cd5868en","https://openknowledge.fao.org/handle/20.500.14283/cd5868en","2025","2025-01-01","Food and Agriculture Organization of the United Nations","Intergovernmental","Intergovernmental Organisation","9","17","2-s2.0-84995773186","Biophysical connectivity explains population genetic structure in a highly dispersive marine species","2017","1"

"Vigésima sesión de la Comisión de Pesca del Atlántico Centro-Occidental - Análisis de las opciones consideradas para la reorientación estratégica de la Comisión de Pesca para el Atlántico Centro-Occidental (COPACO)","https://openknowledge.fao.org/handle/20.500.14283/cd5868es","https://openknowledge.fao.org/handle/20.500.14283/cd5868es","2025","2025-01-01","Food and Agriculture Organization of the United Nations","Intergovernmental","Intergovernmental Organisation","9","16","2-s2.0-84995773186","Biophysical connectivity explains population genetic structure in a highly dispersive marine species","2017","1"

"Habitats Directive And Red Data Book Species - Summary Report 2023","https://www.fisheriesireland.ie/sites/default/files/2024-10/habitats-directive-and-red-data-book-species-summary-report-2023.pdf","https://www.fisheriesireland.ie/sites/default/files/2024-10/habitats-directive-and-red-data-book-species-summary-report-2023.pdf","2024","2024-10-25","Inland Fisheries Ireland","Ireland","Think Tank","9","16","2-s2.0-85147581998","People need freshwater biodiversity","2023","1"

"Motions published on 11 December 2019 for electronic discussion","https://portals.iucn.org/library/node/49881","https://portals.iucn.org/library/sites/library/files/documents/WCC-7th-008-En.pdf","2022","2022-01-01","International Union for Conservation of Nature","France","Think Tank","8","10","2-s2.0-85063577504","Globally important islands where eradicating invasive mammals will benefit highly threatened vertebrates","2019","1"

"Motions publiées le 11 décembre 2019 pour discussion électronique","https://portals.iucn.org/library/node/49883","https://portals.iucn.org/library/sites/library/files/documents/WCC-7th-008-Fr.pdf","2022","2022-01-01","International Union for Conservation of Nature","France","Think Tank","8","9","2-s2.0-85063577504","Globally important islands where eradicating invasive mammals will benefit highly threatened vertebrates","2019","1"

"Report of the fifth meeting of the CFMC/OSPESCA/WECAFC/CRFM/CITES Working Group on Queen conch, San Juan, Puerto Rico, 13–14 December 2021","https://openknowledge.fao.org/handle/20.500.14283/cc5094en","https://openknowledge.fao.org/handle/20.500.14283/cc5094en","2023","2023-01-01","Food and Agriculture Organization of the United Nations","Intergovernmental","Intergovernmental Organisation","8","8","2-s2.0-85061661700","Relationships between Fishing Pressure and Stock Structure in Queen Conch (Lobatus gigas) Populations: Synthesis of Long-Term Surveys and Evidence for Overfishing in The Bahamas","2019","1"

"W 14a","https://documents.coastal.ca.gov/reports/2019/7/W14a/W14a-7-2019-corresp.pdf","https://documents.coastal.ca.gov/reports/2019/7/W14a/W14a-7-2019-corresp.pdf","2019","2019-07-08","State of California","United States","Government","7","8","2-s2.0-85063577504","Globally important islands where eradicating invasive mammals will benefit highly threatened vertebrates","2019","1"

"Mociones publicadas el 11 de diciembre de 2019 para discusión electrónica","https://portals.iucn.org/library/node/49882","https://portals.iucn.org/library/sites/library/files/documents/WCC-7th-008-Es.pdf","2022","2022-01-01","International Union for Conservation of Nature","France","Think Tank","7","8","2-s2.0-85063577504","Globally important islands where eradicating invasive mammals will benefit highly threatened vertebrates","2019","1"

"joint (hybrid) meeting of the Working Groups on Spiny Lobster, IUU Fishing and Fisheries Data and Statistics - IUU Fishing Risk Characterization for Caribbean Spiny Lobster – Caribbean spiny lobster in the WECAFC region - Analysis of the conservation and management measures for the Caribbean spiny lobster and the MARPLESCA plan - DRAFT","https://openknowledge.fao.org/handle/20.500.14283/cd8270en","https://openknowledge.fao.org/handle/20.500.14283/cd8270en","2026","2026-01-01","Food and Agriculture Organization of the United Nations","Intergovernmental","Intergovernmental Organisation","6","10","2-s2.0-84995773186","Biophysical connectivity explains population genetic structure in a highly dispersive marine species","2017","1"

"NDF for Kuda hippocampus","https://cites.org/sites/default/files/ndf_material/NDF%20Kuda%20Hippocampus.pdf","https://cites.org/sites/default/files/ndf_material/NDF%20Kuda%20Hippocampus.pdf","2025","2025-01-01","Convention on International Trade in Endangered Species of Wild Fauna and Flora","Switzerland","Think Tank","6","6","2-s2.0-85011028246","Seahorses (Hippocampus spp.) as a case study for locating cryptic and data-poor marine fishes for conservation","2017","1"

"Project GCP/SLC/223/EC – Improving ecosystem approach to fisheries by advancing fish spawning aggregation information gathering and increase of public engagement in the WECAFC region - WECAFC-WCS (Wildlife Conservation Society) Letter of Agreement Final Narrative Report – August 2024","https://openknowledge.fao.org/handle/20.500.14283/cd3813en","https://openknowledge.fao.org/handle/20.500.14283/cd3813en","2024","2024-01-01","Food and Agriculture Organization of the United Nations","Intergovernmental","Intergovernmental Organisation","6","11","2-s2.0-85018450752","Nassau grouper migration patterns during full moon suggest collapsed historic fsh spawning aggregation and evidence of an undocumented aggregation","2017","1"

"Turks and Caicos rock iguana (Cyclura carinata)","https://portals.iucn.org/library/node/49497","https://portals.iucn.org/library/sites/library/files/documents/2021-020-En.pdf","2021","2021-01-01","International Union for Conservation of Nature","France","Think Tank","6","6","2-s2.0-84861725677","Do invasive rodents impact endangered insular iguana populations?","2012","1"

"Monitoring and evaluation of the Winthrop National Fish Hatchery summer steelhead program 2021","https://www.fws.gov/carp/media/monitoring-and-evaluation-winthrop-national-fish-hatchery-summer-steelhead-program-2021","https://www.fws.gov/carp/sites/default/files/documents/2024-11/winthrop-nfh-steelhead-annual-report-2021-final_3.pdf","2024","2024-11-26","U.S. Fish & Wildlife Service (USFWS)","United States","Government","5","8","2-s2.0-85088793938","A Bayesian nested patch occupancy model to estimate steelhead movement and abundance","2020","1"

"Monitoring and evaluation of the Winthrop National Fish Hatchery summer steelhead program 2021","https://www.fws.gov/rivers/media/monitoring-and-evaluation-winthrop-national-fish-hatchery-summer-steelhead-program-2021","https://www.fws.gov/rivers/sites/default/files/documents/2024-11/winthrop-nfh-steelhead-annual-report-2021-final_3.pdf","2024","2024-11-26","U.S. Fish & Wildlife Service (USFWS)","United States","Government","5","8","2-s2.0-85088793938","A Bayesian nested patch occupancy model to estimate steelhead movement and abundance","2020","1"

"Video methodologies for deep water surveying of Queen conch (Strombus gigas): A comparison study in Turks & Caicos Islands","https://jncc.gov.uk/resources/5d91c7a3-0a5e-4884-b064-4bd71f33f4d8","https://data.jncc.gov.uk/data/5d91c7a3-0a5e-4884-b064-4bd71f33f4d8/jncc-report-728.pdf","2023","2023-01-01","Joint Nature Conservation Committee","United Kingdom","Government","4","13","2-s2.0-85113695821","Spatial dependency in abundance of Queen conch, Aliger gigas, in the Caribbean, indicates the importance of surveying deep-water distributions","2021","1"

"1111 Washington Street Se Olympia Wa 98504","https://dnr.wa.gov/sites/default/files/2025-07/bc_fpb_aff_proposal_20231108.pdf","https://dnr.wa.gov/sites/default/files/2025-07/bc_fpb_aff_proposal_20231108.pdf","2023","2023-10-19","State of Washington","United States","Government","4","6","2-s2.0-84959419499","Environmental DNA (eDNA) detects the invasive rusty crayfish Orconectes rusticus at low abundances","2016","1"

"Memorandum","https://www.dnr.wa.gov/publications/fp_tfw_aff_pi_ampa_memo.pdf","https://www.dnr.wa.gov/publications/fp_tfw_aff_pi_ampa_memo.pdf","2023","2023-07-05","State of Washington","United States","Government","4","6","2-s2.0-84959419499","Environmental DNA (eDNA) detects the invasive rusty crayfish Orconectes rusticus at low abundances","2016","1"

"2022 Invasive Carp Unit Annual Report","https://www.in.gov/dnr/fish-and-wildlife/files/fw-2022-Invasive-Carp-Unit-Annual-Report.pdf","https://www.in.gov/dnr/fish-and-wildlife/files/fw-2022-Invasive-Carp-Unit-Annual-Report.pdf","2023","2023-09-11","State of Indiana","United States","Government","4","8","2-s2.0-85034226144","Does aquatic invasive species removal benefit native fish? The response of gizzard shad (Dorosoma cepedianum) to commercial harvest of bighead carp (Hypophthalmichthys nobilis) and silver carp (H. molitrix)","2018","1"

"MEMORANDUM","https://www.dnr.wa.gov/publications/bc_fpb_aff_proposal_20231108.pdf","https://www.dnr.wa.gov/publications/bc_fpb_aff_proposal_20231108.pdf","2023","2023-10-19","State of Washington","United States","Government","4","6","2-s2.0-84959419499","Environmental DNA (eDNA) detects the invasive rusty crayfish Orconectes rusticus at low abundances","2016","1"

"Biodiversity Marker Guide Fisheries","https://www.sida.se/en/publications/biodiversity-marker-guide-fisheries","https://cdn.sida.se/app/uploads/2022/01/10104517/10205657_Sida_BiodiversityMarkerGuide_Fisheries_webb.pdf","2021","2021-12-16","Sida","Sweden","Think Tank","3","4","2-s2.0-85085068027","Inland fish and fisheries integral to achieving the Sustainable Development Goals","2020","1"

"Climate Resilient Integrated Coastal Zone Management (ICZM) Governance and Performance Indicators","https://publications.iadb.org/en/climate-resilient-integrated-coastal-zone-management-iczm-governance-and-performance-indicators","https://publications.iadb.org/publications/english/document/Climate-Resilient-Integrated-Coastal-Zone-Management-ICZM-Governance-and-Performance-Indicators.pdf?download=true","2024","2024-06-01","Inter-American Development Bank","Intergovernmental","Intergovernmental Organisation","3","5","2-s2.0-85141066888","Tiger sharks support the characterization of the world’s largest seagrass ecosystem","2022","1"

"Proceedings of the National Science Workshop to Review Multi-species Approaches for Aquatic Species / Shannan May-McNally, Roanne Collins, Karine Robert, and Lis Hersak.: Fs97-4/3240E-PDF Publications - Canada.ca","http://publications.gc.ca/site/eng/9.908744/publication.html","https://publications.gc.ca/collections/collection_2022/mpo-dfo/Fs97-4-3240-eng.pdf","2022","2022-01-01","Government of Canada","Canada","Government","3","3","2-s2.0-85059128532","Abundance and species diversity hotspots of tracked marine predators across the North American Arctic","2019","1"

"Second Report - The UK's footprint on global biodiversity","https://committees.parliament.uk/publications/7462/documents/78136/default/","https://committees.parliament.uk/publications/7462/documents/78136/default/","2021","2021-09-30","UK Parliament Select Committee Publications","United Kingdom","Government","3","3","2-s2.0-85063577504","Globally important islands where eradicating invasive mammals will benefit highly threatened vertebrates","2019","1"

"Incidental Take Authorization Application","https://naturalheritage.illinois.gov/content/dam/soi/en/web/naturalheritage/permits/documents/ita-conservation-plans/conservation-plans/170-cp.pdf","https://naturalheritage.illinois.gov/content/dam/soi/en/web/naturalheritage/permits/documents/ita-conservation-plans/conservation-plans/170-cp.pdf","2018","2018-08-24","State of Illinois","United States","Government","3","15","2-s2.0-85044988232","Rapid Expansion of Banded Killifish Fundulus diaphanus across Northern Illinois: Dramatic Recovery or Invasive Species?","2018","1"

"Protecting the Hauraki Gulf Islands","https://apo.org.au/node/309819","https://apo.org.au/node/309819","2020","2020-12-01","Australian Policy Online","Australia","Other","2","2","2-s2.0-85063577504","Globally important islands where eradicating invasive mammals will benefit highly threatened vertebrates","2019","1"

"Invasive species","https://publications.parliament.uk/pa/cm201920/cmselect/cmenvaud/88/88.pdf","https://publications.parliament.uk/pa/cm201920/cmselect/cmenvaud/88/88.pdf","2019","2019-10-29","UK Parliament Select Committee Publications","United Kingdom","Government","2","2","2-s2.0-85063577504","Globally important islands where eradicating invasive mammals will benefit highly threatened vertebrates","2019","1"

"Strengthening Fisheries Management with Data Tools and Technology: Report on a Caribbean-wide Virtual Event","https://www.eli.org/research-report/strengthening-fisheries-management-data-tools-and-technology-report-caribbean-wide","https://www.eli.org/sites/default/files/files-pdf/Report%20on%20Data%20Tools%20to%20Strengthening%20Fisheries%20Management%20in%20the%20Caribbean%20%281%29.pdf","2024","2024-08-01","Environmental Law Institute","United States","Think Tank","2","2","2-s2.0-85052788963","Contemporary and emerging fisheries in The Bahamas—Conservation and management challenges, achievements and future directions","2018","1"

"Sustainable and resilient water infrastructure and distribution networks","https://webapi2016.eesc.europa.eu/v1/documents/eesc-2023-00442-00-02-pa-tra-en.docx/pdf","https://webapi2016.eesc.europa.eu/v1/documents/eesc-2023-00442-00-02-pa-tra-en.docx/pdf","2023","2023-06-09","European Economic and Social Committee","European Union","Government","1","2","2-s2.0-85147581998","People need freshwater biodiversity","2023","1"

"Sustainable and resilient water infrastructure and distribution networks","https://webapi2016.cor.europa.eu/v1/documents/eesc-2023-00442-00-00-as-tra-en.docx/pdf","https://webapi2016.cor.europa.eu/v1/documents/eesc-2023-00442-00-00-as-tra-en.docx/pdf","2023","2023-06-27","European Committee of the Regions","European Union","Government","1","1","2-s2.0-85147581998","People need freshwater biodiversity","2023","1"

"Opinion of the European Economic and Social Committee on ‘Sustainable and resilient water infrastructure and distribution networks’ (own-initiative opinion)","https://eur-lex.europa.eu/legal-content/EN/TXT/PDF/?uri=cellar:f37a4eb0-5e69-11ee-9220-01aa75ed71a1","https://eur-lex.europa.eu/legal-content/EN/TXT/PDF/?uri=cellar:f37a4eb0-5e69-11ee-9220-01aa75ed71a1","2023","2023-09-28","EUR-Lex","European Union","Government","1","1","2-s2.0-85147581998","People need freshwater biodiversity","2023","1"

"Sustainable and resilient water infrastructure and distribution networks","https://webapi2016.cor.europa.eu/v1/documents/eesc-2023-00442-00-00-ac-tra-en.docx/pdf","https://webapi2016.cor.europa.eu/v1/documents/eesc-2023-00442-00-00-ac-tra-en.docx/pdf","2023","2023-07-14","European Committee of the Regions","European Union","Government","1","1","2-s2.0-85147581998","People need freshwater biodiversity","2023","1"

"IFAW briefing: CITES CoP20","https://www.ifaw.org/resources/ifaw-briefing-cites-cop20","https://d1jyxxz9imt9yb.cloudfront.net/resource/1866/attachment/original/IFAW_briefing_CITES_COP20_FINAL.pdf","2025","2025-11-12","International Fund for Animal Welfare","United Kingdom","Think Tank","1","1","2-s2.0-105000489237","Trafficking of Galápagos iguanas as an example of a global problem: CITES permits, laundering and the role of transit countries in Europe and Africa","2025","1"

"Sustainable and resilient water infrastructure and distribution networks","https://webapi2016.eesc.europa.eu/v1/documents/eesc-2023-00442-00-01-pa-tra-en.docx/pdf","https://webapi2016.eesc.europa.eu/v1/documents/eesc-2023-00442-00-01-pa-tra-en.docx/pdf","2023","2023-06-06","European Economic and Social Committee","European Union","Government","1","2","2-s2.0-85147581998","People need freshwater biodiversity","2023","1"

"Celebrating successes: A year of NEXUS Gains","https://hdl.handle.net/10568/134662","https://hdl.handle.net/10568/134662","2023","2023-11-22","CGIAR","France","Think Tank","1","1","2-s2.0-85147581998","People need freshwater biodiversity","2023","1"

"Sustainable and resilient water infrastructure and distribution networks","https://webapi2016.cor.europa.eu/v1/documents/eesc-2023-00442-00-02-pa-tra-en.docx/pdf","https://webapi2016.cor.europa.eu/v1/documents/eesc-2023-00442-00-02-pa-tra-en.docx/pdf","2023","2023-06-09","European Committee of the Regions","European Union","Government","1","2","2-s2.0-85147581998","People need freshwater biodiversity","2023","1"

"Sustainable and resilient water infrastructure and distribution networks","https://webapi2016.eesc.europa.eu/v1/documents/eesc-2023-00442-00-00-as-tra-en.docx/pdf","https://webapi2016.eesc.europa.eu/v1/documents/eesc-2023-00442-00-00-as-tra-en.docx/pdf","2023","2023-06-27","European Economic and Social Committee","European Union","Government","1","1","2-s2.0-85147581998","People need freshwater biodiversity","2023","1"

